amharic,english
"ይቅር በሉኝ, ኢሳ ሃን","Forgive me, Consul Han"
ግን አንስቶ ኖረን ብለን እናምናለን ብዬ አምናለሁ የከፍተኛ ገጸ ባህሪዎን ሰዎች ለማጣት,but l believe we can ill afford to lose men of your high character
እና እንደ ጓደኛ መናገር,And speaking as a friend
ከጎን የሚካሄደው ማን ነው? ከእርስዎ ጋር ለ ዓመታት ከእርስዎ ጋር,who's fought side by side with you for years
በጣም ደስ ይላል የማይቻል ድጋፍ,l will sorely miss the unshakable support
ሰጡት ሮያል ሆንግ ኮንግ ፖሊስ,you've given the Royal Hong Kong Police
እና ስለሆነም በሁሉም ብሪታንያዎች በመወከል,And so on behalf of all Brits
ማን ጋሻውን የያዙ ማን ነው? በሆንግ ኮንግ እኛ እናጣለን,"who have ever carried the shield in Hong Kong, we shall miss you"
ደስታን እንመኛለን,We wish you happiness
አዲሱን ልጥፍዎን ሲወስዱ በአሜሪካ ውስጥ,as you take up your new post in the United States
"ወይዛዝርት እና ገርሞኖች, ግፊቱ ሃን","Ladies and gentlemen, Consul Han"
ሃን እናመሰግናለን ቶማስ,"Thank you, Thomas"
"አሁን, ቶማስ እንደማይሄድ ታውቃላችሁ ይህንን ምሽት ቀላል ለማድረግ ቀላል ነው","Now, you know Thomas is not going to make this evening easy"
እኔ መቻል ደስ ብሎኛል እርስዎን ለመተው እና ሆንግ ኮንግ,l am pleased to be able to leave you and Hong Kong
ዛሬ ማታ ልዩ ስጦታ,with a special gift tonight
"በዚህ ምሽት, መርማሪ ተቆጣጣሪ","Earlier this evening, Detective Inspector Lee"
የእሱ ልዩ ተግባር አንድ ጊዜ እና ለሁሉም,and his special task force have once and for all
የጃቱኖ ወንጀለኛን ተዘርግቷል ድርጅቶች እና የተነገረ ቅርሶች,crushed the Juntao criminal organization and reclaimed artifacts
ከ ዓመታት ጀምሮ የቻይና ቅርስ,from years of China's heritage
ይህ ህልሜ የነበራችሁት ቅርስ ነው,This is the kind of legacy I dreamt about
ሆንግ ኮንግ ለዘላለም,Hong Kong forever
ወደ ሆንግ ኮንግ ለዘላለም,To Hong Kong forever
ሰው ሞኝ ሞኝ! ገሃነም ከእኔ ጋር ሄድኩ!,Stupid fool! Get the hell out of my way!
"ሰው, እብድ ነህ?","Man, are you crazy?"
"ክሊኒ, ሰው ማን ነው?","Clive, what's up, man?"
ዘግይቷል. ህ?,You're late. Huh?
"ዘግይቶ? አዎ, ዘግይተሃል","l'm late? Yeah, you're late"
እየሄደህ ሰው ነህ. እየጠበቀ ነበር በጀርባ ውስጥ ከአንድ ሰዓት በላይ,"You're late, man. l've been waiting in the back for over an hour"
በእጅዋ ውስጥ ነበር. ከጀርባው ውስጥ ነገህ,"l was in the diner. Man, l told you in the back"
ይህን አሽቆርጥ ያደርግ ይሆን?,Think l would do this shit out front?
እንደገና መሰባበር እኔ በእድጓዳ ውስጥ አልነበሩም,l'm gonna get busted. You weren't in the diner
በ በስተጀርባ ምንም እንኳን ግድ የለውም,I said in the back of the d It don't even matter
"ዘግይቼ ዘግይቼያለሁ. ይህንን እናድርግ. ምን, ጠመንጃ ምንድነው?","I'm late, you late. Let's do this. What's that, a gun?"
ያንን ያስወግዱ. በዚህ አመት ምን ያህል ገድለዋል?,Put that away. How many people you killed this year?
"ሰው, ሰው. እንስራው። በል እንጂ። እንደገና አይዘገዩም","Stop it, man. Let's do it. Come on. Don't be late again"
እኔ ዘግይቼያለሁ. በል እንጂ። ያገኘነው ምንድን ነው?,I ain't gonna be late. Come on. What we got?
ያ ጥብቅ ነው. ያ ቆንጆ ነው. ያ ጥሩ ነው. ያ ምንድነው፧,That's tight. That's beautiful. That's nice. What's that?
ያ . ያ ሲ ?,That's C . That's C ?
ችግር የሌም። እያየሁ ነበር ለዚህ ሹራብ ሁሉ,No problem. I been looking everywhere for this shit
"ሰው, እንዴት የሆነ ሲ እንዴት ታገኛለህ?","Man, how the hell you find some C ?"
"ምን እንደሚሰማኝ አታውቅም, ሰው. ይህንን ሹራም እንኳን ማግኘት አልቻለም","You don't know how you make me feel, man. The lraqis can't even get this shit"
ይህንን ከየት ያገኙታል? ትኩስ ትኬት ነው,Where'd you get this from? lt's a hot ticket
ካርተር ምን ያህል ደስተኛ እንደሆነ አታውቅም አደረገኝ,You don't know how happy you made me
"ምን እንደሚፈልግ አግኝተሃል. ሰው ሆይ, ሰውዬ እንድሄድ ፍቀድልኝ","You got what l want. Let me go get that money, man"
ከራስዎ በላይ እጆችዎን ከራስዎ በላይ ያድርጉት. አሁን ያድርጉት,OFFlCER Put your hands above your heads. Just do it now
እዚህ ምንም ችግር የለም. እኛ ከኛ ጋር ለምን ይገናኛል?,Ain't no problem here. Why y'all messing with us for?
"እሺ, ቀላል ይውሰዱት","All right, take it easy"
ያንን ማድረግ አይፈልጉም. አዎ እፈፅማለሁ።,"You don't wanna do that. Yes, I do"
"እሱ, እሱ አይደለም. እሱ እየተጫወተ ነው. አይጫወትም","No, he don't. He's playing. No, I ain't playing"
እሱ መኮንን ነው. አይ አይደለሁም። አልጫወትኩም!,"Yes, he is, officer. No, I'm not. l'm not playing!"
ጠመንጃውን! የአጎቴ ልጅ ነው. እያወራን ነው,Drop the gun! He's just my cousin. We're just talking
ወደ መኪናው ተመልሰው ይውጡ,Get back in the car and leave
"ያንን ማድረግ አልችልም,","Can't do that, buddy"
ጭንቅላቱን በሙሉ በመኪና ማቆሚያ ቦታ ላይ እፈቅዳለሁ!,I'll blow his head all over the parking lot!
"በመኪናው ውስጥ, የተወሰኑ ዶናት ይግዙ! ተመልከት? አደረከው",Get in the car and buy some doughnuts! See? You made him mad
እሱን እንዳነጋገር ፍቀድልኝ. ደህና፧,Let me just talk to him. All right?
ሄይ! አይንቀሳቀሱ!,OFFlCER Hey! OFFlCER Don't move!
ደህና። ደህና። ሁሉም ነገር አሪፍ ነው,All right. All right. Everything cool now
ወረደ. ጠመንጃው. አሁን በመኪናው ውስጥ ተመልሰው ይውጡ,He down. The gun down. Now get back in the car and just leave
"በራስዎ ላይ እጆችዎን ያስገቡ! ይህ ነገር አሪፍ, መኮንን","Put your hands on your head! Everything's cool, officer"
አሁን ያድርጉት!,Do it now!
"ሰው, አቁም! ግንድ ውስጥ ገባኝ!","Man, stop it! l got C in the trunk!"
"ክሊፕ, ሰው ምን እንደሆነ መገመት","Clive, guess what, man"
ልነግርህ ረሳሁ. እኔ . . .,I forgot to tell you. I'm L.A.P.D
በቁጥጥር ስር ውለዋል,You under arrest
"ሃን ሶኦ ንግ, ና, እንጓዛለን","Soo Yung, come on, we're gonna be late"
ምንድን ነው? ቲሌሌሊፎን. ቻይና,What? Telephone. China
", እወድሻለሁ. መልካም ቀን ይሁንልህ።","Soo Yung, I love you. Have a nice day"
ከትምህርት ቤት በኋላ ወደ ቤትዎ ትሆናለህ?,Will you be home after school?
ጣፋጭ እና ጥሩ ይመስላል,Talking sweet and looking fine
እኔ በ ውስጥ ኪ.ሜ,I get kinda hectic inside
"ህፃን, እኔ ወደ አንተ ገባህ","Baby, I'm so into you"
"ዳርሊንግ, የምታውቁ ከሆነ","Darling, if you only knew"
በአዕምሮዬ ውስጥ የሚፈሱ ነገሮች ሁሉ,All the things that flow through my mind
"ሴት ላይ ተንሸራታች ግን ልክ ጣፋጭ, ጣፋጭ ቅ ት, ህፃን ነው","But it's just a sweet, sweet fantasy, baby"
ሶኖ ትመጣለህ እናም ትወስደኛለህ,You come and you take me
በቅኝቶችዬ ውስጥ በጣም ጥልቅ,So deep in my daydreams
አንድ ችግር አለ?,"Is there a problem, officer?"
በቃ ፍጥነት,Just rush hour
ደህንነት ውስጥ? አዎ,Security's in place? Yes
እርግጠኛ ነዎት ሁሉም ኤግዚቢሽኖች በዚህ ሳምንት መጨረሻ ዝግጁ ይሆናል?,You're sure all the exhibits will be ready this weekend?
አዎን ጌታዪ። የመክፈቻ አስተያየቶችዎ ለ ተይዘዋል,"Yes, sir. Your opening remarks are scheduled for"
"መልካም. የሽኑኝ, ቆላማ ሃን","Fine. Excuse me, Consul Han"
እኔ ጨረር ነኝ የፌዴራል የምርመራ ቢሮ,I'm Warren Russ with the Federal Bureau of Investigation
"ይህ ወኪል ዊትኒ ነው. በግል, ጌታዬዎ ውስጥ ከእርስዎ ጋር መነጋገር አለብን","This is Agent Whitney. We need to speak with you in private, sir"
ይህ ከባድ እንደሆነ አውቃለሁ,I know this is difficult
ግን እንድታውቁ እፈልጋለሁ ልጅሽን እንመለሳለን,but l want you to know we'll get your daughter back
"አዎ, ግን በሕይወት እንድትመለስ ታደርጋለህ?","Yes, but will you get her back alive?"
"በዓለም ውስጥ ምርጥ ወኪሎች አሉን በዚህ ቤት, በእነዚያ ጎዳናዎች ላይ","We have the best agents in the world in this house, on those streets"
እኔ ከአገሬዎች መካከል አንዱን ለመርዳት እፈልጋለሁ,I would like one of my people to help
"እስቲ ሳያ, እሰጥሃለሁ, ኤፍ.ቢ. ይህንን ከፍተኛ ቅድሚያ ይይዛል","Let me assure you, consul, the FBI considers this a top priority"
በዚህ ጉዳይ ላይ ብዙ ሰዎች አሉን,We have plenty of people on the case
ሚስተር ሩስ እኔ አሜሪካዊ አይደለሁም,"Mr. Russ, I am not an American"
"ሴት ልጄ, አሜሪካዊ አይደለችም","My daughter, she is not an American"
"እሺ, ጌታዬ, ግን በአውሮፕላኑ ላይ ቀድሞውኑ ነው","l understand that, sir, but He's already on the plane"
እሱን ትይዛለህ በተመሳሳይ አክብሮት,I trust you will treat him with the same courtesy
እኔን እንዳየኸኝ,as you have shown me
አሥር ሰዎች ወደ ውጭ ዘለሉ,Ten people jumped out
እነሱን መያዝ ጀመርኩ. በሁሉም ቦታ መወርወርቸው,I started handling them. Throwing them everywhere
ከዚያ ሁለት ደደብ ተባዮች ከዚያ የትም ቦታ አልወጣም,Then two stupid cops came out of nowhere
ሁሉንም ነገር ተሽከረከረ. ህይወታቸውን ማዳን ነበረበት,messed everything up. Had to save their life
በወረቀቱ ውስጥ ሊሆን ይችላል. እዚያ የለም. የሆነ ሆኖ ህይወታቸውን እቆያለሁ,"It might be in the paper. It ain't in there. Anyway, I save their life"
ቦምብ ለማግኘት መሮጥ ጀመርኩ,I start running to get the bomb
ያለ እኔ እንደሄዱ ማመን አልችልም. በኋላ ወደ ኡአል ያነጋግሩ ደህና ነው?,"l can't believe you went without me. l'll talk to y'all later, all right?"
ከስራ በኋላ ምርጡን ክፍል እነግርዎታለሁ,I'll tell you the best part after work
ለዚህ ነው ማንም ሰው ከእርስዎ ጋር የማይሠራው,This is why nobody will work with you
በ ውስጥ ብቸኛው ኮፒ ምን እንደሆንዎት ያለ አጋር ሳይኖር ዲፓርትመንት,why you're the only cop in the department without a partner
"ጆንሰን, በመጀመሪያ, ተመልከት, ከእኔ ጋር አንድ ቀን መውጣት ከፈለጉ","Johnson, look, first of all, if you wanna go out on a date with me"
መጠበቅ አለብዎት እንደ ሌሎቹ ሴት,you have to wait like every other woman
"እና ከሁሉም ሰከንድ, እኔ ብቻዬን ሠርቻለሁ","And second of all, l work alone"
ምንም አጋር አያስፈልገኝም እና በጭራሽ ጓደኛ የለውም,I don't need no partner and l ain't gonna never have no partner
ዲድ ኮጃክ አጋር ነበረው? የሰባው ሰው,Did Kojak have a partner? The fat guy
እሱ በጭራሽ ከቶ አልነበረም. ኮምበርቦ?,"He wasn't never with him. Look, did Columbo?"
ካፒቴን አዘዘኝ ከእርስዎ ጋር ለመሄድ,Captain ordered me to go with you
"ስለፈለጉት ምትኬ, ግን እንደገና እንደገና","because you needed backup, but once again"
ነክተኸኛል እና ራስህን ተናወጠች,you screwed me and screwed yourself
"እነሆ, ጆንሰን, እዚያው አደገኛ ነው. ከጠረጴዛው በስተጀርባ መሆን ለእርስዎ የበለጠ ደህና ነው","Look, Johnson, it's dangerous out there. It's safer for you to be behind the desk"
መሆን ነበረብን በተመሳሳይ ቡድን ላይ,We were supposed to be on the same team
"ቡድን? ጆንሰን, ይህ . . . . ነው","Team? Johnson, this is the L.A.P.D"
እኛ በጣም የተጠላዎች በነጻው ዓለም ውስጥ,We the most hated cops in the free world
እማዬ ታፍሬ ነበር. ለአደንዛዥ ዕፅ አከፋፋይ ለሁሉም ሰው ይነግረዋል,My mama ashamed of me. Tells everybody l'm a drug dealer
ምንም ቡድን የለም. ይህ ለእኔ ጉድለት ነው. ከኋላዎ የመተውህ እቅድ ላይ ነኝ,Ain't no team. This is a pit stop for me. I'm on the verge of leaving you behind
"በእውነቱ, በመሬቱ ላይ ነዎት መታጠብ","Actually, you're on the verge of being suspended"
መልካም ቀን ይሁንልህ።,Have a nice day
አንድ ሰው ነግሮሃል እኔ ታግድኩ ነበር?,Somebody told you I was being suspended?
መጫወት አቁሙ,"Quit playing, girl"
ሲጫወቱ አውቃለሁ,I know you playing
ይህ ችግር ነው. ያ ሁሉም ፍላጎት ነው,This is a problem. That's all l need
አንዳንድ የባዕድ አገር ሰው ጭንቅላቱን ይደነግጣል እናም ዓለም አቀፍ ክስተት መፍጠር,some foreigner getting his head blown off and creating an international incident
ምን ማድረግ አለብን? እሱ እየሄደ ነው,What can we do? He's on his way
ወደ መስክ ቢሮው ይደውሉ. እንዲልክ ያድርጉ,Call the field office. Have them send a rookie
እኛ ይህንን ሰው እንይዛለን በጥቂት ቀናት አካባቢ,We'll have him escort this guy around a few days
"መሪዎችን ለመከተል በማስመሰል, አንዳንድ ዕይታዎች አሳዩት","pretend to follow leads, show him some sights"
. ከመንገዱ ዳር ያድርጉት. ለአንዱ ለወንጃችን ማድረግ ትፈልጋለህ?,...keep him out of our way. You want to do that to one of our men?
ምን ትጠቁማለህ?,What do you suggest?
"ደህና, እስካለን ድረስ አንድ ሰው ማዋረድ","Well, as long as we're gonna humiliate someone"
ምናልባት ምናልባት ምናልባት ሊሆን ይችላል . . .,might as well be L.A.P.D
ምንም እንኳን አንድ ተጨማሪ ሰው ቢኖረውም እንዲህ ዓይነቱን የብልት ሥራ ሥራ ይፈልጋሉ?,"Even if l had an extra man, who would want such a bullshit assignment?"
"ደህና, ለእኔ ውርደት ነው","Well, it's a disgrace to me"
ወደ መምሪያውዬ ውርደት ነው,It's a disgrace to my department
ውርደት ነው,It's a disgrace to
"ዳን, አንድ ሰው እየላክሁ ነው","Dan, I'm sending someone right over"
"ካፒቴን, እንዳነበቡ አውቃለሁ ወረቀቱ ግን እነሱ ውሸት ናቸው","Captain, I know you read the paper, but they lying"
እኔ እንደዚህ ያለ ነገር አላደርግም. ታውቃለህ ወረቀቱ እንዴት እንደ ሆነ. እነሱ አንድ ታሪክ ይፈልጋሉ,I wouldn't do nothing like that. You know how the paper is. They just want a story
ሁለት መኮንኖች በጥይት ተመታ. አንድ ሰው ሮዝ አጣ,Two officers were shot. One man lost a pinkie
ግን ማንም አይሞትም,But didn't nobody die
ግማሽ ማገጃ አጠፋች. . ብሎክ ተነስቷል,You destroyed half a block. That block was messed up
ብዙ ማስረጃ አጡ. ትንሽ ቀረን,You lost a lot of evidence. We got a little left
ያደረግከው ነገር አደገኛ ነበር እና ሙሉ በሙሉ ከመደበኛ ጋር,What you did was dangerous and completely against policy
እና ያ ብቻ አይደለም,And not only that
ጥሩ ሥራ ሠራህ,you did a good job
እዚህ ያለው እያንዳንዱ ምስል በጣም የሚያሳይ ነው,Everyone here is so image conscious
ሁሉም ሰው በጣም ፈራ ከገዛ አምላኪነት ጥላ ውስጥ,Everybody's so afraid of their own goddamn shadow
ከኤል.ኤ.ኤ.ፒ. ጋር መገናኘት ጥሩ ነው በመስመር ላይ ለመጣል ፈቃደኛ የሆነ,It's nice to meet an L.A. detective who's willing to lay it on the line
"ካፒቴን, ያ ስሜት ይሰማዎታል. ያ ነው ለሁሉም ሰው ለመናገር እየሞከርኩኝ ነው","Captain, that's the same way l feel. That's what I've been trying to tell everybody"
"ብዙ ጊዜ, መፍቀድ አለብን አጠቃላይ የህዝብ ታውቃለች","Every so often, we have to let the general public know"
አሁንም ማፍሰስ እንችላለን,that we can still blow shit up
አንቺ አምላኪ. ያ ብቸኛው መንገድ ነው,You goddamn right. That's the only way l work
ሚሜ. እኔ ታግ ል?,Mm. So I ain't getting suspended?
እየቀለድክ ነው? ለምን እንደ እኔ አላውቅም,Are you kidding? l don't even know why l said that
የቻይና ዲፕሎማት ሴት ልጅ,The daughter of a Chinese diplomat
"ዛሬ ጠዋት ጠለፈ, እናም በጉዳዩ ላይ ይፈልጋሉ","was kidnapped this morning, and they want you on the case"
ምኞቴ ነው? ልክ ትክክል ነው,FBl want me? That's right
ስፕሬስ ውሸት. አትዋሽ,Stop lying. l don't lie
እውነት ነው. እሱ እውነቱን መናገር,Tell the truth. l'm telling the truth
ካፒቴን አመሰግናለሁ. ማን!,"Thank you, captain. Whoo!"
"እንኳን ደስ አለዎት, ካርተር. ወደ ትር ት እየሄዱ ነው","Congratulations, Carter. You are going to the show"
እርስዎ ከንቲባዎ ጋር ያደርጉታል. ማን ነው. አዎ እርስዎ አልነበሩም,l'm gonna make you mayor. Whoo. l'd rather you didn't
"ሄይ, አዳምጡ! ማንም እኔን የሚፈልግ ከሆነ","Hey, listen up! lf anybody need me"
"እህስ መሥራት ለ ትልቅ, ትልቅ ጉዳይ!","l'm gonna be working a big, big case for the FBl!"
ዮ. ከእነዚህ የጆሮ ማዳመጫዎች ውስጥ አንዱ እፈልጋለሁ ወዲያውኑ ደህና?,"Yo. l need one of those earpieces immediately, all right?"
"ሄይ, እንዴት ነህ?","Hey, how you doing?"
የ ሰራተኞች እፈልጋለሁ መዝገቦች መሻገሪያዎች ምልክት ያድርጉ,I want consul's personnel records cross checked
ማድረግ ከቻሉ ይመልከቱ ማንኛውም ግጥሚያዎች ወይም ግንኙነቶች,See if you can make any matches or connections
"እሺ, ወንዶች, ምን አገኘን?","Okay, boys, what do we got?"
የሰራተኞች መዝገቦችን ፈትተናል?,Have we checked the personnel records?
"እሱ ማን እንደሆነ ማወቅ እፈልጋለሁ መነጋገር, ጋር መገናኘት","I wanna know who's he been talking with, dealing with"
በል እንጂ። ታሪኩን ስጠኝ. ማናቸውም ጥያቄዎች? ማንኛውም የጣት አሻራዎች?,Come on. Give me the story. Any demands? Any fingerprints?
ለሥራዎቹ ቃለ ምልልስ አድርገናል?,Have we interviewed his staff?
"ዊትኒ, ይህ ማነው?","Whitney, who is this?"
የዛን ቅጂ ስጠኝ,Give me a copy of that
"ጄምስ ካርተር, ፍራፍስ","James Carter, FBl"
"ዋረን, እሱ እዚህ አለ ለተለየ ምደባ","Warren, he's here for the special assignment"
ላንተ እንዲኖርዎት ያድርጉ. ለዚህ ረዥም ጊዜ ተነስቷል,Good to have you. Waited a long time for this
እናንተ ሰዎች እርግጠኛ ነዎት ረጅም ጊዜ ይወስዳል ማመልከቻውን ለማስኬድ,You guys sure do take a long time to process an application
"ደህና, ካርተር, የእርስዎ ልዩ ሥራ","Well, Carter, your particular assignment"
"አሁን, ለምን እና እኔ አይሆንም በእግር እንጓዛለሁ እና እሞታለሁ?","Now, why don't you and I take a walk and I'll fill you in?"
አልገባህም. ይህ ህልሜ ነው,You don't understand. This is my dream
በጣም ደስ ብሎኛል ከ ጋር ስለ መሥራት,I'm very excited about working with the FBl
"ደህና, ደስ ብሎኛል. ስሙ, ስሙ ነው","Well, l'm glad. Listen, his name is Lee"
እና ዳይሬክተሩ ይህንን ይመለከታል ቅድሚያ የሚሰጠው,And the director considers this a top priority
"አክብሮት የለውም, ግን እሱ ብቻ ነው እህስ በመንገዳዬ ውስጥ ገባሁ","No disrespect, but he's only gonna get in my way"
"ሁኔታውን አያስተካክለውም, እኔ ብቻዬን መሥራት አለብኝ","If l'm handling the situation, I'm gonna have to work alone"
"ካርተር, እሱ ሁኔታው ነው","Carter, he is the situation"
መሆን አለበት አለመግባባት መሆን አለበት,Must be Must be a misunderstanding
ትንሹን ልጅ ረሳ. ምደባዎ ሊ ነው,Forget the little girl. Your assignment is Lee
ማን ነው? ያ ምን ሥራ ነው?,Who is Lee? What assignment is that?
ሊ የባዕድ አገር መርማሪ ነው እና የዊውላ ጓደኛ,Lee is a foreign detective and a friend of the consul's
"አሁን, ከእይታ እንዲያውቁት የእርስዎ ስራ ነው ከአደጋ ተለይተው ያውቃሉ?","Now, it's your job to keep him out of sight and away from danger, you understand?"
"ህጻን እንዲፈልጉኝ እንደሚፈልጉኝ አውቃለሁ, ግን ያንን አላደርግም","I understand you want me to babysit, but I don't do that"
"ወደዚህ ትልቁ ሥራ እዚህ መጣ. እውነቱ ይህ ነው, ይህ የ ሥራ ነው","l came here for the big assignment. The truth is, this is an FBl operation"
እና ከ ጋር ምንም እገዛ አያስፈልግዎትም . . . . ወይም አንዳንድ የቺንግስ ኮፒ,and l don't need any help from the L.A.P.D. or some Chungking cop
"ማን, ማን, ማን ነው, ማን. ያዝ, ያዝ","Whoa, whoa, whoa. Hold, hold"
ለምን ወንዶችዎን አይጠቀሙም ለዚህ ከፍተኛ ቅድሚያ ጉዳይ?,Why not use your men for this top priority case?
ሄሮፓ ሲኦል ከእሱ ጋር ማድረግ ነበረብኝ?,The hell I supposed to do with him?
ግድያ አልሰጥም. አይፈልግም እሱን ወይም እርስዎ ይህ ነገር መፍትሄ እስኪችል ድረስ ይመልከቱት,I don't give a damn. l don't want to see him or you till this thing is resolved
አሁን አውሮፕላኑ በአንድ ሰዓት ውስጥ መጣ,"Now, his plane arrives in an hour"
"ማድረግ እንፈልጋለን ጥሩ ስሜት, ካርተር","We want to make a good impression, Carter"
ወደ አሜሪካ የመጀመሪያ ጉዞው ነው,It's his first trip to America
ይህ የበመችት ነው!,This is bullshit!
እባክዎን እንግሊዝኛ እንደሚናገሩ ይንገሩኝ,Please tell me you speak English
እኔ የመርጃ ካርተር ነኝ,I'm Detective Carter
ይህንን ሹት ማመን አልችልም!,I cannot believe this shit!
"በመጀመሪያ, የበሬነት ምደባ አገኘሁ አሁን ሚስተር ሩዝ አ ሮኒ","First, I get a bullshit assignment now Mr. Rice A Roni"
አሜሪካዊ አይናገርም,don't even speak American
ሰው ሆይ! እዚህ መጓዝ,"Come on, man. My ride over here"
ቦርሳዎን በጀርባ ውስጥ ያስገቡ,Put your bag in the back
ቦርሳዎን በጀርባ ውስጥ ያስገቡ!,Put your bag in the back!
"አይ, አይሆንም, አይሆንም. በጀርባ ውስጥ የራስዎን ሹት አደረጉ!","No, no, no. You put your own shit in the back!"
እኔ የሰማይ ነው,I am not a skycap
"እኔ ነኝ, ተረድተዋል?","I'm FBl, you understand?"
"ካፒቴን, ይህ አስቂኝ ነው ብዬ አላምንም","Captain, I don't think this is funny"
"አይ, እኔ ከባድ, ካፒቴን ነኝ. አልጫወትኩም. ለ ይንገሩዎት ስህተት ሰርተዋል","No, I'm serious, captain. I ain't playing. Tell the FBI you made a mistake"
"ያንን ማድረግ አልችልም, ካርተር","I can't do that, Carter"
እርግጠኛ ነኝ እና ሚስተር ሊ አንድ ላይ ጥሩ ጊዜ ይኖራቸዋል,I'm sure that you and Mr. Lee will have a nice time together
"አስጠኝኩህ, እርስዎ በተሻለ ሁኔታ ይደውላሉ ወይም ኤል አህያውን በፓና ዌፕ ላይ ጣለው","I'm warning you, you better call the FBl or l drop his ass at Panda Express"
"ይህንን ጉዳይ ጣልሻት, ታግደዋል ያለ ክፍያ ለሁለት ወራት","You drop this case, you're suspended for two months without pay"
"ሁሉም ትክክል, ደህና, ሊረሱ ይችላሉ ከዚያ ከንቲባ ስለ መሆን","All right, well, you can forget about being mayor then"
"እንኳን ደስ አለዎት, ካርተር. ይመስላል በመጨረሻም አጋር አጋር አጋርተዋል","Congratulations, Carter. Looks like you finally got yourself a partner"
አንድ ትንሽ ሐምራዊ ተናወጠ እና ሁሉም ሰው እየገሰገሰ ነው,One little pinkie get blowed off and everybody tripping
ሊሄዱ ከሚችሉት ቦታዎች አንዱ ነው,That's one of the places you can't go
ያ ትንሽ ልጅ ነው?,That's the little girl?
አዎ ይህ እውነተኛ አስቂኝ ነው ብለው ያስባሉ. ካርተርን ለታላቁ የተመደቡ ጉዳይ ይስጡ,Y'all think this is real funny. Give Carter the big G classified case
ይህንን ጉዳይ እፈታለሁ,I'll solve this case myself
ግን እኔ ላሳይዎት እፈልጋለሁ የሆነ ነገር በመጀመሪያ. ታውቁ?,But l wanna show you something first. Look familiar?
"ልክ እንደ ቤት, አይደለም? ተመልከት. ልክ እንደ ቤት","Just like home, ain't it? Look. Just like home"
"እኔ ወደ ቻይና በጭራሽ አልሆንም, ግን እንደዚህ ይመስላል","I ain't never been to China, but it probably look like this"
የኮከብ ካርታዎች! የኮከብ ካርታዎን ያግኙ!,Star maps! Get your star maps!
"እነሆ, እነሆ, ዮሐንስ ዌይን","Look, look, look, John Wayne"
ዮሐንስ ዌይ? ጆን ዌይን ያውቃሉ? ዮሐንስ ዌይ,John Wayne? You know John Wayne? John Wayne
"ካርተር አዎ, ጆን ዌይን, ሰው. ከዱክ ጋር አብረው ይንዱ","Yeah, John Wayne, man. Hang out with the Duke"
እመለሳለሁ። ከአጎቶችዎ አንዱን ማየት ይችላሉ,I'll be back. You might see one of your cousins
ቶሎ መለሳለሁ። ጠንከር እነሱን ያግኙ እና ያዙ!,Be right back. Find them and stalk them!
ያግኙት እና ያነጋግሯቸው! የኮከብ ካርታዎች!,Find them and stalk them! Star maps!
"እዚህ! የኮከብ ካርታዎች, ሰዎች!","Right here! Star maps, people! Stucky"
አድራሻውን ሚካኤልን አግኝተዋል ጃክሰን ቤት? በጭራሽላንድ?,You got the address to Michael Jackson's house? Neverland?
ሥራዬን መምጣት አይችሉም! ያ ትንኮሳ ነው!,You can't be coming around my job! That's harassment!
እርስዎ እርስዎን መመርመር. አሁን ሙሉ በሙሉ ህጋዊ ህጋዊ ህጋዊ ነው. የኮከብ ካርታዎችን እሸጣለሁ,l'm just checking up on you. l'm fully legit now. I'm selling star maps
"ካርተር አዎ, አህያዬን ህጋዊ","Yeah, legit my ass"
እርስዎ እና የእስያ የወንጀል ጓደኞችዎ ስለ ማውራት? ስለ ጠላፊው ማወቅ ይወቁ?,What you and your Asian gang friends talking about? Know about a kidnapping?
ምንም አላውቅም,I don't know nothing
ከእነሱ ውስጥ አንዱን ስጠኝ,Give me one of them star maps
ዶላር ምን ማለት እንደሆነ ተረድ?,"for , understand what l mean?"
"እሺ, ሰው. ስለ ምንም ጩኸት ምንም አላውቅም","All right, man. I don't know nothing about no kidnapping"
"ግን ይህ ዱዳ የጦር መሳሪያዎች, ፈንጂዎች እና ሰዎች","but this dude's buying firearms, explosives, and people"
... እንደ ጦርነቱ እየጀመረ ነው. ስም?,...like he's starting a war. His name?
አታውቅም. አታውቅም?,l don't know. You don't know?
"ለ , አላውቅም","For , l don't know"
አንድ ነገር ንገረኝ. ለ ዶላር ምንም አያውቅም,You better tell me something. Don't know nothing for
"ተጣብቃ, አታድርግ","Stucky, you don't"
ምንም አልነገርዎትም! እኔ!,l didn't tell you nothing! Lee!
በዚህ አውቶቡስ ላይ ምን ትሠራለህ?,What the hell you doing on this bus?
ከእርስዎ ጋር በመጫወት ላይ ያስቡ?,Think l'm playing with you?
ከእርስዎ ጋር በመጫወት ላይ ያስቡ? እኔ ከአንተ ጋር መጫወቴ አይደለም. ቁጭ ይበሉ,Think l'm playing with you? I ain't playing with you. Sit down
ደህና። ደህና ነው,All right. lt's okay
ፎቶግራፍ አንሳ. ደህና ነው. አንድ ደቂቃ ይጠብቁ,Take a picture. It's okay. Wait a minute
ምንድን? ከመንገዱ ይውጡ! ተመልከት! ተመልከት!,What? Get out of my way! Watch out! Watch out!
. ይህን አውቶቡስ አቁም,FBI. Stop this bus
"አባዬ ሄይ, ልጆች, ወደዚህ ይመለሱ. ቁጭ ይበሉ","Hey, kids, get back in here. Sit down"
", ይህን ሞተር ብስክሌት እፈልጋለሁ. በጭራሽ።","FBl, I need this motorcycle. No way"
ወዴት ትሄዳለህ ብለው ያስባሉ? በዳው ላይ ለመቆየት አልፈልግም?,Where you think you're going? Didn't l say to stay by the Duke?
"አዎ, ምን እያደረጉ ነው ብለው ያስባሉ? የራስዎን ንግድ ያስገቡ. በመኪና ውስጥ ይቆዩ","Hey, what do you think you're doing? Mind your own business. Stay in the car"
ሄይ. ምን እየሠራህ ነው፧ እየሞከረ ነበር ወዴት እንደምትሄድ ለማወቅ ሰው,"Hey. What you doing? l was just trying to find out where you was going, man"
"እርስዎ ይመስልሽ ነበር? አይ, እዚህ ምን እየተከናወነ ነው?","You thought l was gonna shoot you? Hey, what's happening here?"
"ጠመንጃውን ወደታች ያስገቡ. ጠመንጃውን ወደታች ያስገቡ. ሰው ሆይ, ከአንተ ጋር መጫወቴ አይጫወትም","Put the gun down. Put the gun down. I ain't playing with you, man"
እኔ ከእርስዎ ጋር መጫወትን ያስባሉ? ማንቀሳቀስ,You think l'm playing with you? Don't move
ጠመንጃዎን ጣል ያድርጉ,Drop your guns
እኔ እንዴት እንደሆነ እያሳየነው ነው ከተጠረጠረ ተጠርጣሪ ጋር ጠመንጃ ለመውሰድ,I'm just showing him how to take a gun from a suspect
እንግሊዝኛ ተናጋሪው በድንገት ትናገራለህ?,All of a sudden you speaking English?
"ትንሽ. ትንንሽ, አህያዬ. ዋሸኝ","A little. A little, my ass. You lied to me"
የቤጂንግ አህያዎን አሁን እቆያለሁ,Assume I kick your Beijing ass right now
እኔ ከአንተ ፈራሁ. በጣም ብልህ ሹራብ እንደሚያውቁ አውቃለሁ,I ain't scared of you. I know you know that tricky shit
እኔ ለግምገማዎ ተጠያቂ አይደለሁም,I'm not responsible for your assumption
እርስዎ በተሞሉ ትዊዎች ተረድተዋል? በ የተሞላ,"You full of shit, you understand that? Full of shit"
መናገር አለመቻል ከማይናገርበት ሰው ጋር አንድ አይደለም,Not being able to speak is not the same as not speaking
ሰዎች ማውራት የሚወዱትን እንዲናገሩ እንዲናገሩ እፈቅዳለሁ,I let people talk who like to talk
ማወቅ ቀላል ያደርገዋል እነሱ ምን ያህል ተሞልተዋል,It makes it easier to find out how full of shit they are
ሰዎች እንዲናገሩ ፈቅጃለሁ,I let people to talk
ስለዚህ አንድ ሰው የተሞላው ሰው?,So l'm the one full of shit?
ሁለታችንም በሃይት ተሞልተናል,We both full of shit
እርስዎ በተሞሉ ነው,You full of shit
ከእኔ በቀር ማንም አያደርግም,Don't nobody do that but me
"አህያዎን እንድታለል ትፈልጋለህ, አንቺ አይደል?","You want me to kick your ass, don't you?"
ቆንስሎ ሀን ወዲያውኑ እንዳየሁ ውሰደኝ,Take me to see Consul Han right away
"ሰው, እዚያ ቁጭ ይበሉ እና ይዝጉ. ይህ ዲሞክራሲ የለም","Man, just sit there and shut up. This ain't no democracy"
"አዎ ነው። ኖ, አይደለም","Yes, it is. No, it ain't"
ይህ አሜሪካ ነው የጄምስ ካርተር አሁን,This is the United States of James Carter now
"እኔ ፕሬዝዳንቱ ነኝ, እኔ ንጉሠ ነገሥቱ እኔ ንጉስ ነኝ","I'm the president, I'm the emperor, I'm the king"
"እኔ ሚካኤል ጃክሰን, እርስዎ ነዎት, ታት","I'm Michael Jackson, you Tito"
አህያዎ የእኔ ናችሁ,Your ass belong to me
ለምን የእኔን እርዳታ አይፈልጉም?,Why would they not want my help?
ምክንያቱም ግድያ አይሰጡም ስለእናንተ,Because they don't give a damn about you
እነሱ አይወዱም. አንተ አልወደድሽም,They don't like you. l don't like you
ምንም መስሎ አይሰማኝም። እኔ እዚህ ሴት ልጅ ነኝ,I don't care. I'm here for the girl
ልጅቷ አልወደድሽም. ማንም አይወድዎትም,The girl don't like you. Nobody likes you
እዚህ ሁሉ የመጣው በከንቱ መጣህ. እርስዎ ሊሆኑ አይችሉም,You came all the way over here for nothing. You ain't gonna be
ሰው ዘማሪንግ በሬዲዮ በ ቤይ,At Waimea Bay
"ኦህ, ሲኦል, አይሆንም","Oh, hell, no"
የእኔን የአማልክልሞን ሬዲዮ ብቻ አልነካቸውም,You didn't just touch my goddamn radio
የባህር ዳርቻ ወንዶች ልጆች ታላቁ የአሜሪካ ሙዚቃ ናቸው,The Beach Boys are great American music
የባህር ዳርቻው ወንዶች ልጆች ያገኙዎታል ታላቅ አህያ,The Beach Boys'll get you a great ass whooping
"በጭራሽ አይነኩም ጥቁር ሰው ሬዲዮ, ልጅ","Don't you ever touch a black man's radio, boy"
"በቻይና ውስጥ ያንን ማድረግ ይችላሉ ግን እርስዎ ያገኛሉ ሰው ሆይ, አህያዎን እዚህ ተገደሉ","You can do that in China but you'll get your ass killed out here, man"
እውነተኛ ሙዚቃ ላሳይዎት,Let me show you real music
አዎ. ያ እውነተኛ ሙዚቃ ነው. ይህን ትሰማለህ?,Yeah. That's real music. You hear that?
ሰው ከእኔ ጋር ጩኸት ከእኔ ጋር ይራመኛል,MAN SINGlNG Bounce with me Bounce with me
ሴት ራይዝ እርስዎ ሀብታም ይሁኑ ግን ያንን ያበራሉ,You ain't gotta be rich but bump that
እንዴት እንመጣለን በአውቶቡስዎ ማለፍዎ ላይ?,How we gonna get around On your bus pass?
ይህንን በችኮላሽዎ ላይ አስገባ,'Fo l put this on your mustache
ሊከፍሉኝ ይችላሉ? የሰራዎቼ ዳቦ መጋዘን?,Can you afford me My homies breadwinners?
አሁን በባህር ዳርቻው ወንዶች ልጆች ያንን ማድረግ ይችላሉ?,Now can you do that to the Beach Boys?
በባህር ዳርቻው ወንዶች ልጆች ላይ ማድረግ ይችላሉ?,Can you do that to the Beach Boys?
"ተነስቶ ተነስ, ውጣ, የተወሰኑትን ያግኙ","Better get up, get out, get some"
ልክ እንደ ብዙ ፕራዳ,l like a lot of Prada
ወደ ቆንስላው መድረቅ አለብኝ. እዚህ ምን እያደረግን ነው?,I must get to the consulate. What are we doing here?
የሚባለው አንድ ሻካራ ተብሎ ይጠራል. በጣም ከባድ የፖሊስ ሥራ,It's called a shakedown. Very serious police work
በቃ ንግዶዬን ትይዛለሁ እና ቦታውን ይቆጣጠሩ,Just watch me handle my business and control the space
በምርመራው ላይ እገዛ እፈልጋለሁ,I want to help with the investigation
የእኔ ጉዳይ ነው,This is my case
"ጉዳይህ? እነሆ, ልትነሱኝ ይችላሉ","Your case? Look, you can back me up"
"ወደዚህ ስንገባ, እኔ ዓመቴን ትከተላለህ እና ምን እንደሚያደርጉ ያድርጉ. እሺ?","When we get in here, you follow my lead and do what l do. Okay?"
የእኔ ምንድን ነው? እንደአት ነው፧,"What's up, my nigga? What's up?"
ይህ አረም? ምንድን ነው?,ls this weed? What?
ለዚህ ማዘዣ ታዛዥ ነዎት? የት አለ?,You got a prescription for this? Where is that?
"ኡህ, ወዴት? የት?","Uh, uh, where? Where?"
አህያዎን እስር ቤት መውሰድ አለበት. ለምንድነው፧,l should take your ass to jail. For what?
ለምንድነው፧ ይህንን ይመልከቱ!,For what? Look at this!
አንድ የሲጋራ አይደለም. ይህ ሲጋራ አረም!,That's nothing but a cigarette. This ciga weed!
እሱ ሲጋራ ይመስላል,It look like a cigarette
ግላኮማ ይሻላል. በጭራሽ,You better have glaucoma. l do
"ካርተር ምንድን ነው, የእኔ ናጌጋ ምንድነው?","What's up, my nigga?"
"ሄይ, ሄይ, ያንን ፍተሻ, ህፃን","Hey, hey, check that, baby"
"ምን እየተከሰተ ነው, ካርተር?","What's happening, Carter?"
ጠመንጃዎቹን ወደታች ያኑሩ. ጠመንጃዎቹን ወደታች ያስገቡ!,Put the guns down. Put the guns down!
"እዚያ, የአምልኮ ማቆሚያ ጠመንጃውን ወደታች ያስገቡ","MC Hammer there, put the goddamn gun down"
"የተወሰኑ ጥያቄዎችን አገኘሁ, እና የተወሰኑ መልሶች እፈልጋለሁ","I got some questions, and l need some answers"
እነሱን ዝቅ ያድርጉ. ወደታች. ልጅቷ,Put them down. Down. Where the girl?
እንዴት ነው? ትንንሽ ልጅ,What girl? The little girl
ስለ ቻይንኛ ልጃገረድ ምንም አያውቅም. እንደማያውቁት አይሆኑም,Don't know nothing about no Chinese girl. Don't act like you don't know
አህያዎን እወስዳለሁ መልስ የማይሰጥ ከሆነ,I'll take your asses in if l don't get answers
ጠመንጃውን ወደታች ያስገቡ. እኔን እንደምታውቁ አይመስለኝም,"Carter, put the gun down. Don't act like you know me"
እዚህ ምን እየሆነ እንዳለ አይቻለሁ. እንደ ሞኝ እኔን ለመጫወት እየሞከረ ነው,I see what's going on here. Y'all trying to play me like a fool
"ሁሉም መብት, ሊ, ከእውነተኛ ፈጣን ወደ ውጭ ይሂዱ. እዚህ ውስጥ ትንሽ አደገኛ ነው","All right, Lee, go outside real quick. It's gonna get a little dangerous in here"
"ምናልባት ምናልባት ሊኖረው ይችላል ሂድ, ሂድ እና አሞሌውን ጠብቅ","l may have ques Lee, go and wait by the bar"
የነገርኳችሁን አስታውስ? ተመለስኩኝ. ወደ ውጭ ወጣ. ሁሉንም ነገር ይንከባከባል,Remember what I told you? Back me up. Go outside. l'll take care of everything
"እርግጠኛ ነዎት? እርግጠኛ ነኝ. አሁን, አሁን ይሂዱ","You're sure? l'm sure. Now, go on now"
መጫወት አስብ?,Think l'm playing?
እዚህ እዚህ. በንግድዬ ውስጥ አይወጣም,Come here. Don't come up in my business
".... እኔ እንደዚያ አድርገኝ. አምላኪ. ገና እየተጫወተ ነበር. ሰው, እቅፍ ስጠኝ","...scaring me like that. Goddamn. l was just playing. Man, give me a hug"
"ሩኪኪውን ትምህርት ቤት, ገመዶቹን ማሳየት","Schooling the rookie, showing him the ropes"
ወደ ቤተክርስቲያን ለምን አልመጡም?,Why you didn't come to church Sunday?
እኔ ለመንከባከብ አንዳንድ ነገሮች ነበሩኝ,I had some things to take care of
ግን ሌሊቱን አገልግሎት ጀመርኩ,But l made the night service
ይህ ሰው ማን እየገዛ መሆኑን ማወቅ አለብኝ እነዚህ ሁሉ ፍንዳታዎች እና መሣሪያዎች,I need to know who this guy is buying up all these explosives and weapons
"ስለዚያ ልጅ ስለዚያ ምንም አታውቅም. ሉክ. እነሆ, ሰው ሆይ, የምታደርጉትን አውቃለሁ","l don't know nothing about that, baby. Luke. Look, man, I know what you do"
"እኔ የወሰድኩት ምክንያት ብቻ ነው ምክንያቱም የአጎቴ ልጅ, እና የአክስቴን ቡትስ ይገድላል","Only reason why I ain't busted you because you my cousin, and it'd kill Aunt Bootsy"
"በዚህ ጊዜ ውስጥ የሚበቅለው ቡትስ እንዴት ነው? ክ, መጫወት አልፈልግም","Why you gonna put Aunt Bootsy in this? Luke, I ain't playing"
"መጥፎ ልብ እንዳላት አውቃለሁ, ግን ከሌለ, አህያዎን ያበራል","I know she got a bad heart, but if l have to, l'll bust your ass"
የሆነ ነገር ንገረኝ,Tell me something
በቻናታ ከተማ ውስጥ ያለው ቃል በከተማ ውስጥ ይህ አዲስ ዱዳ አለ,The word down in Chinatown is there's this new dude in town
መጥፎ አህያ ከሆንግ ኮንግ ውጭ እያንዳንዱን አምላኪ ነገር መግዛት,Bad ass dude out of Hong Kong buying up every goddamn thing
የስሙ ማን ነው? አላውቅም። እሱ ከእኔ ውስጥ ሹት አይገዛም,What's his name? Don't know. He ain't buying shit from me
ስሙን አታውቅም? አይ።,You don't know his name? No
ስሙን ማንም አያውቅም,Nobody know his name
ወደዚህ ና! አፍዎን በተሻለ ይመለከታሉ!,Come here! You better watch your mouth!
"የምትናገረው ነገር, ልጅ?","What you say, boy?"
ችግር አልፈልግም,I don't want trouble
አባክሽን። ችግር አልፈልግም አልኩ,Please. I said I don't want trouble
ያ ለእርስዎ መጥፎ ነው,That's bad for you
ትንሽ ልጅ? ትንሽ ልጅ?,Where the little girl? What little girl?
ካርተር ስለ ምን ዓይነት ልጅ እንደሚናገር ታውቃለህ,You know what girl l'm talking about
በተሻለ ትወስዳለህ አምላካችሁ ክምችትዎ ከጉዳዩ ውጭ እጆችዎ,You better take your goddamn hands off my suit
እማማ ለገና በዓል ይህንን ገዛኝ. ይህ የእኔ ተወዳጅ ልብስ ነው. አሁን ልሂድ,"Your mama bought me this for Christmas. This is my favorite suit. Now, let me go"
"ምስጋናዎን አያለሁ, እሺ? አድንቀህ","I'll see you Thanksgiving, all right? Appreciate it"
"ሄይ, ሄይ! ትልቅዎን ያግኙ መልካም ምግብ አህያ","Hey, hey! Get your big Happy Meal ass over!"
ጥግ ላይ ተሻሽ! እኔ አሁንም እዚህ ህጉ ነኝ!,Get over in the corner! I'm still the law around here!
"በሚቀጥለው ጊዜ እኔ እመጣለሁ, ይህንን በተሻለ ሁኔታ ያፅዱ!","Next time l come here, y'all better clean this up!"
እና ጥርሶችዎን ብሩሽ!,And brush your teeth!
ምን እያደረግን ነው? አንድ ነገር የሚበላው ነገር አገኘሁ,What are we doing? l'm getting something to eat
"ማንኛውንም ነገር ትፈልጋለህ, እንደ ጽዋ አለቃዎች ወይም አንድ ነገር?","You want anything, like a Cup O'Noodles or something?"
"ካርተር, ጊዜዬን ማባከን አቁም. ለ ቃል ገባሁ","Carter, stop wasting my time. I made a promise to Soo Yung"
ትክክል ነህ. ጊዜዎን እያባክን ነበር,You're right. I have been wasting your time
አዝናለሁ። ብቻ ፍቀድልኝ እዚህ ይግቡ እና የሚበላው ነገር ያግኙ,I'm sorry. Just let me go in here and get something to eat
"ወደ ውጭ ስመለስ, የት መሄድ በፈለጉበት ቦታ ሁሉ. እሺ?","When I come back out, l'll take you wherever you want to go. Okay?"
መልኩ. በዚህ ላይ?,Okay. Shake on it?
ምን እየሰራህ ነው፧,What are you doing?
አንድ ብቻ አይደለም በፍጥነት እጆችዎ ነዎት? ዋህ,"You ain't the only one with quick hands, are you? Wah"
ወደኋላ እመለሳለሁ,I'll be right back
"ሄይ, ወንድ, ላኩ የበሬ ሥጋ እና ባቄሪ ቡሪቶ","Hey, man, l got you a beef and bean burrito"
እኛ የታክሲ እና ቀርበናል,We have a taxicab approaching
አንድ ሰው እየወጣ ነው. እስያ ወደ ገደማ,A man stepping out. Asian. About '
አንድ ሰው ወደ በር ሲቀርብ ገባን. በ ጠፍቷል,We've got someone approaching the gate. Dropped off by a cab
ተስተካክለው. መተርጎም,Tell them to intercept. lntercept
እኛ እንገናኛለን,We will intercept
ሊረዳዎት ይችላል?,Can l help you?
አዎ። ነጩን ማየት አለብኝ. ምን?,Yes. I must see the consul. About what?
"እባክዎን, በጣም አስፈላጊ ነው","Please, it's very important"
ለምን እንደሆነ ለምን አይነግሩንም? ካውንሱን ማየት ይፈልጋሉ?,"Why don't you tell us why you need to see the consul, huh?"
አስፈላጊው አስፈላጊ እንደሆነ እንነግርዎታለን. መታወቂያ አለህ?,We'll tell you whether it's important. Do you have identification?
ከራስዎ በላይ እጆች!,Hands above your head!
ስለ ሴት ልጅ ጠየቀችው. ስለ ሴት ልጅ ጠየቀችው,He asked about the daughter. He asked about the daughter
አይንቀሳቀስ! ጠመንጃዎን ይጥሉ,Don't move! Throw your gun away
እሱ ይገድላቸዋል. ሁሉንም ነገር ትክክል ነው?,WHlTNEY He's gonna kill them. ls everything all right?
ወለል በሁለተኛው ፎቅ ላይ ደህና ትሆናለህ,WHlTNEY You'll be safer on the second floor
አዝናለሁ። ስለዚህ ጉዳይ አዝናለሁ,I'm sorry. I'm sorry about this
እሱ መሬት ላይ ነው! በል እንጂ!,He's on the grounds! Come on!
"ከመስኮቱ ራቁ, አባክሽን። እዚህ በቀጥታ","WHlTNEY Stay away from the window, please. Right here"
ውረድ! አሁን!,Get down! Now!
በ ሚስተር ሩስ. አስባለሁ አለመግባባት አለ,IN ENGLlSH Mr. Russ. l think there has been a misunderstanding
ትክክል ነው. ደህና ነው,It's all right. lt's okay
እሱ ነው. ከቻይና የመጣ ሰው,It's him. The guy from China
"ምንድን ነው? እባክዎን,","What? Come in, please"
እኔ እንድገናኝ እፈልጋለሁ መርማሪ ተቆጣጣሪ,l would like you to meet Detective Inspector Lee
በጣም ይቅርታ,Excuse me very much
ሲኦል የት ነው?,Where the hell is Carter?
ከዚያ ከዚህ ጋር እንደገና ተገናኝቷል,Then l gotta put up with this
ትንሽ የእስያ ዱዳ አየ ስለዚህ ቁመት,Seen a little Asian dude about this height
በክንዱ ላይ በሚሠራው መሪ?,with a steering wheel on his arm?
እራስዎን ይንከባከቡ,Go screw yourself
ምን ይላሉ? እራስዎን ይንከባከቡ,What you say? l said go screw yourself
ትንሽ ስሜታዊ አህያዎን ይውሰዱ እዚያ ወደ ላይ እና እስቲ ገባኝ! ከመንገዱ ውጭ!,Take your little sensitive ass up there and let me in! Out of the way!
እኔን እንድነሳ ያደርገኛል! ይህ በ ውስጥ,Don't make me get up! Let this putz in
"ሰው, እዚህ, ወደ ውስጥ ስገባ, አንድ ሰው በጥይት ተመታሁ. ያንን አይጫወቱ","Man, when I get up in here, I'm slapping somebody. l don't play that"
ሩሲ ምን ሆነ?,"What happened, Carter?"
ካርተር ከአውቶቡሶች ውጭ ለመዝለል ሥራዬ አይደለም!,It ain't my job to be jumping off of buses!
ሃን ይህ ሰው ማን ነው?,Who is this man?
እሱ የማያውቅ አይደለም ሥራችንን አከናውን,He's upset that we have not done our job
እኔ እና ሊኔ ሁኔታውን እየተንከባከቡ ነው. እኛ ሁሉንም ነገር በቁጥጥር ስር አለን,Me and Lee are taking care of the situation. We have everything under control
ሴት ልጅዎን እንመለሳለን ደህና እና ድምጽ,We'll get your daughter back safe and sound
እሱ በጣም ጥልቅ ፍቅር ነው ልጅዎን ስለማግኘት,He is very passionate about finding your daughter
ሃን ምስጋናዬን ዕዳ አለብኝ,I owe you my gratitude
የመለዋወጫ ሚዳን እንፈልጋለን ከሁለተኛው ወንዶቹ መካከል አንዱ ከጎኑ ሁል ጊዜ,We wanted Detective Lee to have one of our best men by his side at all time
"ወኪል ሩሲ, ምናልባት ይህ ጥሩ ጊዜ ነው የተሰጠኝ ሥራዎችን ዝርዝር ለ ይንገሩ","Agent Russ, maybe this is a good time to tell the consul the details of my assignment"
"ካርተር, እኔ ልነግርህ እችላለሁ ለጊዜው?","Carter, can I speak to you for a moment?"
እኔን ማነጋገር ትፈልጋለህ? ለጊዜው? የግል?,You wanna speak to me? For a moment? ln private?
"ኦህ, እዩ. ይህ ይመደባል","Oh, l see. This must be G classified"
በአንድ ሰከንድ እንነጋገራለን.,We'll talk in a second. G
በሚመጣበት ጊዜ ፍቅር. ሰው በስልክ በላይ ሰላም?,l love when a G comes around. MAN OVER PHONE Hello?
ማነው ይሄ፧ ሀሎ፧,Who's this? Hello?
ከ ጋር መናገር አልችልም?,Am l speaking with FBl?
"ልጅቷ በሕይወት እንድትመለስ ከፈለግክ, ያዳምጡ እና አይነጋገሩ","If you want the girl back alive, listen and do not talk"
"እሺ, እዳኝ. ብዕር ላገኝ","Okay, l'm listening. Let me get a pen"
ደህና። ጥሩ።,All right. Cool
መቋረጡ ዛሬ ማታ ይከናወናል. አሥራ አንድ .,The drop will be made tonight. Eleven p.m
መጠኑ ሚሊዮን ዶላር ይሆናል,The amount will be million
ሃምሳ ሚሊዮን ዶላር? ማንን ያስባሉ ታፍነው ቼልሲ ክሊንተን?,"Fifty million dollars? Who you think you kidnapped, Chelsea Clinton?"
እሱን እንዲናገር ያቆዩት. ያገለገለው ምንዛሬ,Keep him talking. In used currency
ከ የሚበልጥ ነገር የለም,Nothing bigger than a
"ደህና። አሪፍ, አሪፍ, አሪፍ. ሃምሳ ሚሊዮን ዶላር. ችግር የሌም።","All right. Cool, cool, cool. Fifty million dollars. No problem"
በ ሚሊዮን ውስጥ ሚሊዮን እፈልጋለሁ,I want million in
በ ዎቹ ውስጥ ሃያ ሚሊዮን,Twenty million in s
እና ሚሊዮን በ ውስጥ,and million in
እና ሚሊዮን በ,And million in s
ከእዚያ ጋር ማንኛውንም ጥብስ ይፈልጋሉ?,You want any fries with that?
ስምህ ማን ነው,What is your name?
የእርስዎ ምንድነው? ጠራህ. ስሜን ለምን ማወቅ ይፈልጋሉ?,What's yours? You called us. Why you wanna know my name?
መናገር መቻል እፈልጋለሁ ተጠያቂው ሃላፊው,I want to be able to tell the consul who is responsible
ለልጁ ሞት ምክንያቱም በጣም ብዙ ይናገራል,for his daughter's death because he talk too much
"እሺ, እነሆ, ሰው. አዙር. ተረጋጋ።","All right, look, man. Hold up. Calm down"
እኔን ለማዞር እየሞከርኩ ነው. እኔ ከጎንዎ ነኝ,I'm trying to hook you up. I'm on your side
ስኬታማ ከሆነ ልጅቷ በሕይወት ትኖራለች,"If it is successful, the girl will live"
ገንዘቡን ማግኘቴን እርግጠኛ ነኝ. ሲያገኙ አብረን ማጥራት እንችላለን,I'm gonna make sure you get the money. We can spend it together when you get it
እኔ አልፈልግም በእውነቱ ለእነርሱ ሥራም ይሠራል,because I don't even really work for them
አገኘነው. ደቡብ ብሮድዌይ. መሃል ከተማ,We got it. South Broadway. Downtown
"ዘዴው አንድ ሰው, ወደ ታች ይቀጥሉ ኛ ወደ ኛ እና ብሮድዌይ","Tactical team one, proceed down th to th and Broadway"
"ቡድን ሁለት, እፈልግሻለሁ ጀርባው ኛ እና በዋና ዋና","Team two, I want you around the back on th and Main"
አሠራር ያዘጋጁ,Set up a perimeter
ወለል ቡድንዎን ይውሰዱ እና ህንፃውን ይሸፍኑ,WHlTNEY Take your team and cover the building
ወለል በወለል ወደ ላይኛው በኩል ወደ አናት. ውሰድ,floor by floor all the way to the top. Move
ኋላ ያላቸው ሁለት ሰዎች. ወደ ህንፃው መሄድ የለባቸውም,Two men around back. They must not go into the building
"አዎ, ትክክል ነዎት. ቀኝ። እንነግራቸው. በል እንጂ።","Yeah, you right. Right. Let's go tell them. Come on"
ወለል ጥግ ላይ ቦታዎችን ይያዙ,WHlTNEY Take positions on the corner
"ሚስተር ሩስ, ሰዎችን መልሰው መጎተት አለብዎት","Mr. Russ, you must pull your men back"
እዚህ ምን እያደረጉ ነው? ካርተር የት ነው?,What the hell are you doing here? Where's Carter?
"እባክህን, ስማኝ. ሚስተር ሊ","Please, listen to me. Mr. Lee"
"እርስዎ በጣም ብቁ ሊሆኑ ይችላሉ, ግን ተራ እውነታ","you may be very competent, but the mere fact"
ይህንች ልጃገረድ ታውቃለህ ፍርድዎን ያቋርጣል,that you know this girl compromises your judgment
", ከ ሚሊዮን ዶላር ዶላር የሚጠይቁ ከሆነ","Sir, if you were asking for million"
እንደዚህ ዓይነት ቦታ ትሆናለህ?,would you be in a place like that?
ይህንን ማደንዘዣ ከእኔ ርቆ ያግኙ,Get this clown away from me
ጉዞ ውሰድ,Take a hike
"ሰው ሆይ, ለምን ተደብቀዋል?","Hey, man. Why were you hiding?"
ስለ ምን እያወሩ ነው? አልነበርኩም. ተደብድ ነበር,What you talking about? I wasn't. You were hiding
ጫማዬን ለማሰር እቆያለሁ. ቀና ብዬ ተመለከትክ,"I bent down to tie my shoe. Looked up, you're gone"
"ወኪል ጌታዬ, አካባቢው ደህንነቱ የተጠበቀ ነው","Sir, the area is secured"
በሬዲዮ ክፍል ባዶ. መርገም!,OVER RADIO Room's empty. Damn it!
ሁሉም ሰው ወደኋላ ይጎትቱ!,Everybody pull back!
ሩሲ አሁን አንዳንድ ፓራሜዲክቶችን እዚህ ያግኙ!,Get some paramedics down here now!
ወዲያውኑ ህንፃውን መልቀቅ! እዚህ ላይ የሚገኙ ሰራተኞችን እዚህ ያግኙ!,Evacuate the building right away! Get fire crews here!
ፍንዳታ አገኘን በ ኛ እና በብሮድዌይ,We got an explosion at th and Broadway
በጣም በቂ ያልሆነ ሰው!,"That ain't far enough, man!"
ካሮም አብዱል ጃንጀራ አልለብኝም! ጥቂት ተጨማሪ ይግፉት!,I ain't Kareem Abdul Jabbar! Push it down some more!
"ከስተሃል, አትምጡ ማቆም! ኤች!","Carter, don't come any Stop! Hey!"
"ሄይ ሆይ, ሰው, ሲኦል ምንድን ነው?","Hey, man, what the hell you ?"
እኔ ያደረግኩት ይመስለኛል ሹፌርን ሰበርኩ,I think I done broke my shit
የምታሳድዱት ማን ነበር?,Who was that you was chasing?
ስሙ ከሆንግ ኮንግ ዘፈን ነው,His name is Sang from Hong Kong
ስለ አንተ ሄደህ. ስለ ድልድዩ ለምን አትነግረኝም?,Because of you he got away. Why you didn't tell me about the bridge?
"ኤል. ኖ, አላህን","l did. No, you didn't"
አቁሟል. እርስዎ የሚሉትን አይረዱም,l said stop. l don't understand what you be saying
ምን እንደሆንኩ ታያለህ?,You see what I'm saying?
በእጅዎ ውስጥ ይህ ምንድን ነው?,What's this in your hand?
በል እንጂ። የምንሄደው የት ነው?,Come on. Where are we going?
የእኔን ጉዳይ ቀሰቀሁ,I messed up my suit
ውሳኔ ያድርጉ,Make a decision
"ጆንሰን, ለእርስዎ መጥፎ ዜና አገኘሁ. ሁላችንም ሞተናል","I got bad news for you, Johnson. We're all dead"
"ትኩረቴን ተከፋፍያለሁ, ጌታዬ","I was distracted, sir"
ትኩረቶች በመስክ ውስጥ ሊከሰቱ ይችላሉ,Distractions can occur in the field
ለዚህም ነው ይህንን ልምምድ የምንጠራው,That's why we call this practice
"ማስተናገድ ካልቻሉ ግፊቱ, ከዚያ ያቁሙ","If you can't handle the pressure, then quit"
"አዎን ጌታዪ። ሰው, ሰው, እረፍት ትሰጣለች","Yes, sir. Hey, man, give her a break"
ስለ እሱ አይጨነቁ. እዴት ነህ፣ ልጃገረድ? ምን እየሆነ ነው፧ የተወሰነ ፍቅር ስጠኝ,"Don't worry about him. How you doing, girl? What's going on? Give me some love"
ለምን ታሰነኛለህ? አንድ የቀድሞ ጓደኛን ለማከም የሚያስችል ማንኛውም መንገድ?,Why are you tormenting me? That any way to treat an old friend?
እንዴት እንደደረስኩ ለማየት መጣሁ እና የተወሰነ እገዛ እፈልጋለሁ,"I came to see how you was doing, and l need some help"
"እገዛ? ሀ. ሄህ, ሄህ","Help? Ha. Heh, heh"
"ጠንካራ ስሜት እንዳለህ አውቃለሁ ለእኔ, ህፃን, ግን እኛ ያንን ጎን አደረግን","I know that you have strong feelings for me, baby, but we gotta put that aside"
የአንድ ትንሽ ልጅ ሕይወት አደጋ ላይ ናት,A little girl's life is at stake
ግድየለሽነት መቼ ነው? ሌላ ሰው ሌላ ሰው?,Since when do care about anybody else but yourself?
ይህንን በጠለፋ ላይ አገኘን. ይህ ምን እንደ ሆነ ንገረኝ,We found this on a kidnapper. Tell me what this is
አሁን ከእርስዎ ጋር እንድሠራ ትፈልጋለህ? ለዚህ ጊዜ የለኝም,Now you want me to work with you? I don't have time for this
ለመግባባት የራሴን ሹም አገኘሁ,I got my own shit to deal with
ጆንሰን. ጆንሰን. ጆንሰን,Johnson. Johnson. Johnson
ማነህ፧ በችግር ውስጥ አለን,Who are you? Sorry we got you in trouble
"አዎ, አዝናለሁ. እነሆ, የሆነ ነገር ንገረኝ ስለዚህ አላውቅም","Yeah, he's sorry. Look, tell me something about this l don't know"
"ሩቅ. ናይትሮ ካፕ ሊሆን ይችላል, መዘግየት አልተቻለም","A remote. Could be nitro cap, could be cross delayed"
"በእርግጠኝነት በቤት ውስጥ አልነበሩም, አሜሪካዊ አይደለም","definitely not homemade, not American"
"ጋራዥ በር ሊከፍት ይችላል, ወይም የተወሰነ ን ያፈሳሉ","It could open up a garage door, or blow up some C"
"መልኩ. ውጣ። ሂድ, ሂድ, ሂድ. ካርተር ይህ ለእኔ ለእኔ በጣም ብዙ ነው","Okay. Get out. Go, go, go. This means so much to me"
አዝናለሁ እነዚያን ሁሉ ወሬዎች ማሰራጨት,I'm sorry about spreading all those rumors
ስለ እኛ ገና ገና አብራችሁ መተኛት,on Christmas about us sleeping together
እሱ እየቀለድ ነው,He's just joking
"ካርተር ሄይ, ቦቢ, ሰው ምን ሆነ?","Hey, Bobby, what's up, man?"
"አንድ ሰው ሰውየውን ኮድን ማየት ያስፈልጋል. . ምንም መንገድ, ካርተር የለም","l need to see Clive Cod, man. Oh. No way, Carter"
መብራቶች አሉት. ተዘግተዋል,It's lights out. They're locked down
እኔ ይህ መጥፎ ሥራ ያገኘህ ነኝ. እዚህ እንድገባ ትፈልግብኛለህ,I'm the one that got you this damn job. You better let me in here
መቼ ጀርባዬን አልቀየረም ያንን የአረም ቦርሳ ገዝተሃል?,Didn't l turn my back when you bought that bag of weed?
ከእርስዎ ጋር ተከፋፈለኝ,I was splitting it with you
ግን ትልልቅ ግማሹን አልሰጥዎትም?,But didn't l give you the bigger half?
"ኑ, ቦቢ ይምጡ. አሁን, ይህን ሞገስ አድርጌኝ","Come on, Bobby. Now, do me this favor"
ሹራብ. አምስት ደቂቃዎችን አግኝተዋል,Shit. You got five minutes
ኤች. ክሊፕ ሁህ?,"Hey, Cod. Huh?"
ሁለት ወንድሞችህ እርስዎን ለማየት እዚህ አሉ,Your two brothers are here to see you
"ካርተር ሄይ, ክለሳ, እንዴት ነህ?","Hey, Clive, how you doing, man?"
እዚህ የሚመጡ ኳሶች ተገኝተዋል,You got balls coming here
እኔ በመንገድ ዙሪያ ነበርኩ. አሰልቺ ትሆን ነበር,I was just around the way. Figured you'd be bored
ወደዚህ ገባሁ እንዴት እንደደረሱ ለማየት,I came down here to see how you was doing
ሲኦል ምን ትፈልጋለህ?,What the hell do you want?
እኔ የመጣሁት ስጦታ ነው,I just came to bring you a gift
በእጆችዎ ላይ ጊዜ እንዳገኙ አውቃለሁ. አሻንጉሊት አመጣሁህ,I know you got time on your hands. I brought you a toy
ያንን አይፈልግም. አይደለም?,l don't want that. You don't?
አንድ ሰው እንደዚህ አይነት ነገር ነግሮኛል,Someone told me you like this stuff
እንደዚያ ያሉ ነገሮችን አልወድም. ምን እንደ ሆነ አላውቅም,I don't like stuff like that. I don't even know what it is
ይህንን በጭራሽ ለማንም አልሸጡም? ምን እንደ ሆነ አላውቅም?,"You never sold this to nobody? How could I, when I don't know what it is?"
አቅርብ. መያዝ አይፈልጉም,Hold it. l don't want to hold it
ይንኩለት ይንኩ. ለምን፧ እሱን መንካት አይፈልጉም,Just touch it. Why? l don't want to touch it
እሱን ፈሩ? ደደብ ያለ ይመስልዎታል?,You scared of it? You think l'm stupid?
ለመሰብሰብ በቂ. ለማስመራት የጣት አሻራዎች ይፈልጋሉ,Stupid enough to get busted. You want fingerprints to frame me
"ክሊፕ, ለምን ያንን አደርጋለሁ? ያስቡ እንደገና ለማብረስ እሞክራለሁ?","Clive, why would I do that? Think l would try tricking you again?"
"በተጨማሪም, እርስዎ ማሟላት የለብዎትም. ትንሹን ልጅ ለመግደል ሕይወት ትሠራለህ","Besides, l don't have to frame you. You gonna do life for killing the little girl"
ስለ አንዲት ትንሽ ልጅ ምንም አያውቁም. ሁሉንም ሰው የሚናገር አይደለም,l don't know anything about a little girl. That ain't what l'll tell everybody
ግድ አይባልም. ምንም ነገር አላውቅም. አንድ ትልቅ አፍ አገኘ,l don't care. l don't know anything. l got a big mouth
"የሆነ ነገር ልንገርዎ. አላውቅም ምንም ነገር, ስለዚህ የእኔን ስብ አህያ መሳም ይችላሉ","Let me tell you something. I don't know anything, so you can kiss my fat ass"
"ክሊፕ, ቀኑን ሙሉ እኔን ይወስዳል አህያዎን ለመሳም","Clive, it'd take me all day to kiss your ass"
ምንድን ነው ምን ያደርጋሉ? ትፈልጋለህ አንዳንዶቹ? የሚፈልጉትን ሁሉ እሰጥዎታለሁ,What are you gonna do? You want some of this? l'll give you all you want
ዕድሜዋ ዓመት ብቻ ነው,She's only years old
ስዕሉን ይመልከቱ,Look at the picture
"ስለ እሱ ግድ የለኝም, ግድ የለኝም ስለእናንተ. ስለ ትንሹ ልጃገረድ እረዳለሁ","I don't care about him, I don't care about you. l care about the little girl"
ስሙን ስጠኝ,Give me the name
የወንዱ ስም ጁደኖ ነው,The guy's name is Juntao
መቼም አላየሁም,I never seen him
የት ማግኘት እችላለሁ?,Where can I find him?
ይህንን ሰው ያስወግዱ. እሱ ይገደላል,Get rid of this guy. He'll get you killed
"ክሊፕ, ወንድ ሆይ, አመሰግናለሁ. በሚቀጥለው ጊዜ እመለሳለሁ","Clive, thank you, man. I'm gonna come back next time"
"የስብ አህያዎን እመጣለሁ አንዳንድ ብስኩቶች, ሰዎች","I'm gonna bring your fat ass some cookies, man"
ያ ነው እዚያም ነው,That's it right there
ምን እየጠበቅን ነው?,What are we waiting for?
ሰውየውን አውጥተነዋል. ወደዚያ ውስጥ መሮጥ አልችልም,"We scoping the place out, man. Ain't gonna run up in there"
የተኩሱ እንዴት እንደሆኑ ያወጣል,That's how you get shot
ቾት ጥሩ ምንድነው?,What is it good for?
"ኡህ ሁሃ, ኡህ ሁ. ጦርነት","Uh huh, uh huh War"
እንደገና ይናገሩ ሊ ሁላችሁም,Say it again You all
ፍፁም ቢሆን ጥሩ ነው?,Absolutely what is it good for?
"ሙሉ በሙሉ ምንም እንደገና ዘምሩ, ሁላችሁም","Absolutely nothing Sing it again, you all"
"ጦርነት, ሁ, አዎ, አዎ","War, huh, yeah"
ጥሩ ምንድነው? ሙሉ በሙሉ ምንም,What is it good for? Absolutely nothing
ስለ ጦርነት ምንም አታውቁም. አንድ ሰው ጦርነት ያውቃል,You don't know nothing about no War. Everybody knows War.
ምን ጥሩ ነው? ሙሉ በሙሉ ምንም,What it is it good for? Absolutely nothing
ጥሩ አምላክ! ሁላችሁም,Good God! You all
"ሁላችሁም አይደሉም, ያ ነው","It ain't you all, it's y'all"
"ሰው, እንደ ካራፊ ፊልም ይሰማዎታል. አዎ!","Man, you sound like a karate movie. Y'all! Y'all"
ከሰው ጋር ከዚህ ጋር ተናገር. ሀ,Say it from here with soul. Y'all
እንዴት እንደምታደርግ አህያሽን ያሳየኸኝ,Y'all. Let me show your goofy ass how to do it
"ሰው ዘማሪንግ በሬዲዮ ሁህ, ጥሩ አምላክ,","Huh, good God, y'all"
በል እንጂ። በል እንጂ።,Come on. Come on
አዎ ምን ጥሩ ነው?,Yeah What is it good for?
"ረሃብ, ከልብ እብጠት እንጂ ሌላ አይደለም","War, huh It ain't nothing but a heartbreak"
ጦርነት ጓደኛዬ ብቻ,War Friend only
ጦርነት ጠላት ነው,War It's an enemy
ለሁሉም የሰው ልጆች,To all mankind
እንደገና ያንን ያድርጉ,Do that again
እንደገና ያድርጉት. እንደዚህ እንደዚህ?,Do it again. Like this?
ጦርነት አለመረጋጋትን አስከትሏል,War has caused unrest
በወጣት ትውልድ ውስጥ,Within the younger generation
ማስፋፊያ ከዚያ ጥፋት,Induction then destruction
መሞት የሚፈልግ ማነው? ኦ!,Who wants to die? Oh!
"ቾይስ ጦርነት, ሁዋን ጥሩ አምላክ,","War, huh Good God, y'all"
ጦርነት ልብ ወለድ ካልሆነ በስተቀር ምንም አይደለም,War It ain't nothing but a heartbreaker
ጦርነት አንድ ጓደኛ አግኝቷል,War It's got one friend
ያ ትርጉሙ ነው,That's the undertaker
ኦህ ጦርነት ተሽሯል,"Oh, war has shattered"
ብዙ የወጣቶች ሕልም,Many a young man's dreams
መራራ እና አማካኝ,Bitter and mean
ሕይወት በጣም አጭር እና ውድ ነው,Life is much too short and precious
በእነዚህ ቀናት ጦርነትን ጠብታ ለማሳደግ,To spend fighting wars these days
ጦርነት ሕይወት ሊሰጥ አይችልም,War can't give life
"ኦህ ጦርነት, ጥሩ አምላክ,","Oh, war, huh Good God, y'all"
አንዱ ወደ ሻንጣው ይገባል. ሌላኛው በእናንተ ላይ ይሆናል,One will be inserted into the suitcase. The other will be on you
"አሁን, ጠብታ ሲያደርጉ","Now, when you make the drop"
"ሁሉም መብት, ይውሰዱት","All right, pick it up"
የጠየቅኩት ነገር አለህ? በጭራሽ,You have what I asked for? l do
ምን ያህል ከባድ እንደሆንኩ እንደሚገነዘቡ አሁን ተስፋ አደርጋለሁ,I hope now you realize how serious I am
ገንዘቡን ወደ ኋላ ወደ ኋላ ውሰድ በከተማው ውስጥ ያለው የግራ ቾን ምግብ ቤት,Take the money to the alley behind the Foo Chow Restaurant in Chinatown
ደቂቃዎች ይቀራሉ,You have minutes left
"ግድያ, ቼዝ, ይህ አንዳንድ ቅባት ሹት ነው","Damn, Chen, this is some greasy shit"
የተሻለ ምግብ አላገኙም? የዶሮ ክንፎች,You ain't got better food? Chicken wings
"አንድ ሕፃን መልሶ የጎድን አጥንቶች, አንዳንድ ጥብስ ወይም የሆነ ነገር?","some baby back ribs, some fries or something?"
"የቻይንኛ ምግብ, ምንም ነፍስ የለም","Chinese food, no soul food here"
ነፍስ ምግብ አልናገርም. የተሻለ ምግብ አለ,I didn't say soul food. l said better food
ያንን ቅባት ሹራብ አይፈልግም. አንድ ትልቅ የዝናብ ሳጥን እንዴት እንደሚሸጡ?,I don't want that greasy shit. How you gonna sell a big box of grease?
ቺሊ ነኝ?,I'm chilly a what?
"ኑ. አብራ, ምን እበላሻለሁ?","Come on. Man, what you got me eating?"
. ኢል. ጥሩ ነው?,That's eel. ls it good?
ምን አገኘህ?,What you got?
የሲሚል ቀልድ. ምንድን ነው?,Camel's hump. What?
ጥሩ ጥሩ,Kind of good
"ትንሽ ትኩስ ሾርባ ይፈልጋሉ, ግን ምንም እንኳን ጥሩ ነገር ነው, ግን","Need a little hot sauce, but it's kind of good, though"
አሁንም እየጠበቅን ነው? አዎ,We still waiting? Yeah
እሱ እንዳለ እኛ እንዴት እናውቃለን? ከዚህ በፊት ማንም አላየውም,How we know he exists? Ain't nobody seen him before
አውቃለሁ። አጋርዬን ገድሏል,I know. He killed my partner
ስለ ሰው ስለዚያ አዝናለሁ,"I'm sorry about that, man"
ያ አንደኛው ምክንያት አጋር የለኝም. ያ አንድ ነገር ከአባቴ የተማረው,That's one reason l have no partner. That's one thing l learned from my daddy
"አባዬ አንድ ፖሊስ ነበር? ደም አፍሪካ አመት, ኤል.ኤ.ዲ.ዲ","Your daddy was a policeman? Fifteen years, L.A.P.D"
አባቴም የፖሊስ አካል ነበር,My father was also a policeman
ዳዲዬይ ኮፒ ነበር? አንድ መኮንን አይደለም,"Your daddy was a cop? Not a cop, an officer"
በሆንግ ኮንግ ላይ ያለ አፈ ታሪክ,A legend all over Hong Kong
አባቴም እንዲሁ አፈ ታሪክም. ሁሉም በአሜሪካ,My daddy a legend too. All over America
አባቴ አንድ ጊዜ ሰዎችን በቁጥጥር ስር አውሏል በአንድ ሌሊት ብቻ,My daddy once arrested people in one night by himself
አባቴ ብቻ ነበር,My daddy arrest by himself
አባቴ አምስት ክሬክ ቀዳዳዎችን አድኗል ከሚነድድ ሕንፃ ብቻ ነው,My daddy saved five crackheads from a burning building by himself
አባቴ አንድ ጊዜ ጥይት አዙሯል በባዶ እጆቹ,My daddy once caught a bullet with his bare hands
አባቴ አባዬ የአባቶቻችሁን አህያ እስከዚህም ድረስ ወደ ቻይና ይሄዳሉ,My daddy'll kick your daddy's ass all the way from here to China
ወይም ጃፓን ወይም ሲኦል የምትነግረው,or Japan or wherever the hell you from
ስለ አባቴ አይናገርም. ስለ አባቴ አይናገርም,Don't talk about my father. Don't talk about my daddy
"ሄይ, ያ ልጅህ?","Hey, that your boy?"
ሊ አዎ። እንሂድ,Yes. Let's go
መጀመሪያ ወደ ውስጥ ገባሁ. ማንም ሰው ማወቁኝ አይደለም,I'll go in first. Ain't nobody gonna recognize me
እሺ. አምስት ደቂቃዎችን ጠብቅ,Okay. l'll wait five minutes
"ካርተር ሄይ, የእኔን መታወቂያ ትወስዳለህ","Hey, you take my ID"
"ማንኛውም ነገር ቢሳሳት, እንደ እርስዎ . . .","If anything go wrong, you bust in like you're L.A.P.D"
ይህ አይሰራም. አይደለም,This won't work. l'm not '
"አዎ ይሠራል. እነሆ, ሰው, ስለ አስተሳሰብ ነው","Yes, it will work. Look, man, it's all about attitude"
"በፍጥነት ያድርጉት. ክፍት, ዝጋ. በፍጥነት ያድርጉት","Do it fast. Open, close. Do it fast"
ታገኛለህ. ተመልከት,You'll get it. Look
"ሄይ, ሰው, እንደዚህ ዓይነት ስሜት ከከተማ ውጭ ነዎት","Hey, man, act like you're from out of town"
ከከተማ ውጭ ነኝ,I am from out of town
"ደህና, እንደ ኮፒ አይሂዱ. እንደ ቱሪስት ይሁኑ","Well, don't act like a cop. Act like a tourist"
በጣም ግልጽ መሆን የለብዎትም. መልኩ,Don't be so obvious. Okay
ደህና፧ ምንም ችግር የለም,"All right? Okay, no problem"
"ለአንድ ሰው? አይ, ለሁለት","For one? No, for two"
እኔ ከአቶ ጋር ለመገናኘት እዚህ መጥቻለሁ,I'm here for a meeting with Mr. Juntao
"ኦህ. ይቅርታ ይቅርታ, ሚስተር ጃርታኖ አላውቅም","Oh. l'm sorry, l don't know Mr. Juntao"
አልገባህም. እኔ የአቶ ጠበቃ ነኝ. የሕግ አማካሪ,You don't understand. I'm Mr. Juntao's lawyer. Legal advisor
እሱ እንደገና ወደ አንዳንድ ሹራብ ገባ. እኔ በጣም ሥራ የበዛበት ሰው ነኝ,He done got into some shit again. I'm a very busy man
ጊዜ አላገኘሁም ወደፊት ወደ ታች ለመምጣት,I ain't got time to be coming down here late
"ባለቤቴ ወደ ቤት እንድመለስ ትፈልግ ነበር, ህፃን ሁሉንም እየቀነሰ ይሄዳል","My wife wants me to come home, baby's shitting all over"
ግን በጭራሽ አላውቅም እዚህ እዚህ እንዳልመጣ ነው?,But l have already told you I don't know You think l came here for nothing?
የጋዝ ገንዘብ ይሰጡኛል?,You gonna give me gas money?
በአንተ ላይ አግኝተሃል?,You got on you?
እባክዎን ይንገሩ? ሚስተር የእርሱን አህያውን ለማግኘት?,Would you please tell Mr. Juntao to get his ass down here?
እዚህ መቀመጥ ይችላል?,Can l sit right here?
እዚህ እዚህ? አመሰግናለሁ። አዎ,Right here? Thank you. Yes
ሰላም. እዴት ነህ። ማንኛውም ኢል አግኝቷል?,Hi. How you doing. Y'all got any eel?
ግመልዎ እንዴት ነው?,How's your camel hump?
የሮስኮዬ ዶሮ እና ወዲያ የት አለ?,Where is Roscoe's Chicken and Waffles?
ይቅርታ. ከከተማ ውጭ ነኝ. አህ,l'm sorry. I'm from out of town. Ah
በዚህ መንገድ. አዎ. አመሰግናለሁ,Maybe this way. Yeah. Thank you
ልጅቷን ከዚህ ውጣ,Get the girl out of here
እነዚህ ሁለት ሰዎች እንደማይሄዱ ያረጋግጡ,Make sure those two don't leave
ጊዜው ነው,It's about time
"ኦህ, ይህ ጥብቅ ነው. ይህ እንደ ታች ያለ ምንም ነገር አይደለም,","Oh, this is tight. This ain't nothing like downstairs, y'all"
"ሰው ሆይ, ምን ሆነ? ምን ይመለከታል?","What's up, man? What y'all watching?"
ለምን ዝም አለ?,Why y'all so quiet?
"ሰው, ሰው ነበር","That was childish, man"
ይህ እንኳን አልተጠራም!,That wasn't even called for!
"አሁን, ጂቷሆኦ ለማየት እዚህ ወደዚህ ገባ","Now, l came down here to see Juntao"
ወደዚህ እንድገባ ነገረኝ ምክንያቱም ከቤጂንግ ግማሽ ወንድሜ,because he told me to come down here because l'm his half brother from Beijing
እኔ እና እሱ ተመሳሳይ እማዬ አገኘሁ. እኔ ጥቁር ነኝ,Me and him got the same mama. I'm Blackinese
"እኛ ሁላችንም አንድ ዓይነት ነን. ኦህ, ሄይ ሆይ, አንድ ደቂቃ ጠብቅ","We all the same. Oh, hey, man, wait a minute"
"እሺ, እኔን ይገድሉኛል?","Okay, you gonna kill me?"
"እሺ, ጠመንጃውን ወደታች ያስገቡ, እንደ ሰው ትግልኝ","Okay, put the gun down, fight me like a man"
"ትክክል ነው, እንደ ሰው ትግልኝ. ሹት!","That's right, fight me like a man. Shit!"
የሆነ ሰው አንድ ሰው ሊሾም ይችላል. ያ ማውራት ነው,Anybody can shoot somebody. That's what l'm talking about
ተመለስ. የተወሰነ ክፍል ስጠኝ,"Back, back. Give me some room"
ማን እንደወደዱት አታውቁ. ያንን ቢጫ እለብሳለሁ,Don't know who you messing with. I'll knock that yellow
ከ ውስጥ አንዱ እኔን አስገባኝ?,Which one of y'all kicked me? Me
እሺ. ደህና።,Okay. All right
ቆይ አንዴ። ስለዚህ ጉዳይ እንነጋገር,Hold on. Let's talk about this
"ስለዚህ ሰው, ሰው እንነጋገር. ሰውየው ይያዙት","Let's talk about this, man. Hold it, man"
"አይሆንም, አይሆንም. ምን ማለት ነው?","No, no. What that mean?"
"ሄይ, ሰው, ይህ የተሳሳተ ግንዛቤ ነው. ኑ, እንጸልይ","Hey, man, this is a misunderstanding. Come on, let's pray"
"ካርተር አይ, እኔ አይደለሁም","No, I ain't FBI"
"እኔ የደህንነት ጠባቂ ነኝ, በገበያ አዳራሽ ውስጥ እሠራለሁ","I'm a security guard, I work at the mall"
አሁን እራስዎን አጥፋ,Now wipe yourself off
"ኦህ, ሲኦል የለም. አይደለም, እሱ እየጫወተ ነው. መጫወት. እሱ ማለት አይደለም","Oh, hell no. No, he just playing, man. Playing. He ain't mean that"
እሱ እኔን ፈርቼ ነበር. ልሂድ,He meant cut me loose. Let me go
"ሊ, ምን እያደረክ ነው?","Lee, what you doing?"
ተመልከት! ተመልከት!,Watch out! Watch out!
አህያ አህያችንን አደረግን. ሁሉ,We kicked y'all ass. All y'all
"ዎን ካህል ጋር ተሽከረከረ. ሃ, ሀ","Y'all got your ass kicked. Ha, ha"
አህያዎን እገድላለሁ,I'll kill your ass
"ካርተር ሊ! እዚህ, ሰው!","Lee! Over here, man!"
ያ የእኔ ጠመንጃ ነው?,Is that my gun?
ጠመንጃዬ ነው. ሂድ,lt is my gun. Let's go
"ካርተር ለምን እንደጎደሉ የአምልኮም ባጅ, ?","Why you gotta drop the goddamn badge, huh?"
ከዚያ ጠመንጃውን መስኮቱን ጣሉ,Then you threw the gun out the window
በዚህ መንገድ ኑ,"Come on, this way"
ሁሉንም ነገር በቁጥጥር ስር አውጥቼ ነበር. ስለ ምንም አይጨነቁ,I got everything under control. Don't worry about nothing
"ኢየሱስ, ማርያምና ዮሴፍ!","Jesus, Mary, and Joseph!"
"ሩስ ለምን አልደነቅም እዚህ ማግኘት, ካርተር?","Why am l not surprised to find you here, Carter?"
"ዳን, እነዚህን ሁለት ጀርባ እፈልጋለሁ በአንዱ ቆንስላ ውስጥ","Dan, I want these two back at the consulate immediately"
"እንጓጓ, ጨዋዎች እንይ","Let's take a ride, gentlemen"
"እጅዎን በተሻለ ሁኔታ ያጥፉኛል. ሄይ ሆይ, ከእኔ ጋር","You better get your hand off me. Hey, man, he with me"
ጠብታችንን እያደረግን ነበር. ሃን ጀርባዋን ለማግኘት ነው,We were making the drop. Han was about to get her back
አንተ ሁለታችሁም ተነሱ,and you two screwed it up
"ጠብቅ, ስለ ምን ትናገራለህ?","Wait, what you talking about?"
ማን ሊናገር አልሰማም? ለ አቶ። ሊ ወደ ሆንግ ኮንግ እየተጓዘ ነው,Didn't you hear what Lee said? Mr. Lee is on his way to Hong Kong
አሁን ከዚህ በፊት ከዚህ በፊት ከዚህ በፊት ይወጡ በአንቺ ላይ የመተማመን ክሶች,Now get out of here before l file obstruction ofjustice charges against you
"ከእንግዲህ አይደለህም በዚህ ምደባ, ካርተር ላይ","You're no longer on this assignment, Carter"
"ቆንስላ! ኤስራሪ, ጌታዬ","Consul Han! Sorry, sir"
ሁሉም የእኔ ጥፋት ነበር. ሊ በጭራሽ አያደርግም የልጅዎን ሕይወት አደጋ ላይ የሚጥል ማንኛውም ነገር,It was all my fault. Lee would never do anything to jeopardize your daughter's life
ሴት ልጅዎን ይወዳል,He loves your daughter
ይቅርታ ለመጠየቅ በጣም ዘግይቷል,It's a little too late for apologies
ጥሪ አለዎት,you have a call
"እሺ, አንሳ","Okay, pick it up"
በአንግዳሽ ቤዛው አሁን ሚሊዮን ነው. እኔ በተመራሁበት ጊዜ ነገ እደውላለሁ,IN ENGLlSH The ransom is now million. I will call tomorrow with instructions
ገንዘብዎን ያቀርባሉ ወይም ይውሰዱ የሴት ልጅዎ አካል,You deliver the money or pick up the body of your daughter
አባክሽን። መረዳት አለብዎት. ዛሬ ማታ ምን ሆነ?,Please. You must understand. What happened tonight
እባክዎን ሁሉንም ነገር እንደማደርግ ይንገሯቸው,Please tell them I will do whatever they
ምንም ከባድ መሪ የለም,No hard leads
አዳምጥ እዚህ የምንችለውን ሁሉ እዚህ ነው?,"Listen, we're doing everything we can here, all right?"
የሚመጣውን ማንኛውንም ነገር መከታተል ወደዚህ ግቢ,Tracing everything that's coming into this compound
"ይቅርታ, ቆንስላ ሰበብ. እንግዳ አለህ","Excuse me, consul. You have a guest"
"ጃክ, ደህና ወደ አንተ ወደ አንተ እመለሳለሁ?","Jack, let me get back to you, all right?"
"ጓደኛዬ, ጓደኛዬ","I'm sorry, my friend"
መቆም አልቻልኩም እና ምንም ማድረግ አልችልም,I couldn't stand by and do nothing
ቾትስ በኔ ተናጋሪዎች ላይ ትንሽ ዳንስ ያድርጉ,Do a little dance
ዛሬ ማታ ውረድ,Get down tonight
ሀሎ። ኤች! ልጅ ማን ነው?,"Hello. Hey! What's up, baby?"
"ሰው, እየጣለኝ ነው. እኔ ተንጠልጣለሁ","Man, you got guts calling me. I'm gonna hang up"
"ሄይ, አንድ ደቂቃ ጠብቅ. አይስቀሙ. እነሆ, ምን ታውቃለህ?","Hey, wait a minute. Don't hang up. Look, you know what?"
ስለ እኔ ትክክል ነሽ?,"You was right about me, all right?"
አደንዛዥ ዕፅ ነዎት? ትክክል ነበር,Are you on drugs? You was right
እኔ የእኩልነት ስሜት ነበረብኝ. አልደነገግም ነበር,I was egotistic. l was inconsiderate
ራስ ወዳድ ነበር. አዎ,l was self centered. Yeah
ከአጋሮች ጋር አብሮ መሥራት አልችልም ግን አሁን ስለ እኔ አይደለሁም. እሷ ትንሽ ልጅ ናት,I ain't used to working with partners but it ain't about me now. It's the little girl
ምን እንደሚል ተረድተዋል?,You understand what l'm saying?
"እነሆ, የሆነ ነገር አስብ ዛሬ ማታ ትልልቅ በመሄድ እሺ?","Look, l think something big going down tonight, all right?"
ሊረዱኝ ይችላሉ ብለው ያስባሉ?,You think you can help me?
ምን ማድረግ እንደሚችል እመለከተዋለሁ,I'll see what l can do
"ሁሉም መብት, አንድ ሌላ ነገር. አዎ?","All right, one other thing. Yeah?"
የትኞቹን የቀለም ፓራዎች ላይ ገብተዋል?,What color panties you got on?
እንዳቀዳቸው የቻይንኛ ኤክስፖ,to the Chinese expo as you planned
ገንዘብ ይኑርዎት ፎቅ በተቆጣጣሪ ክፍል ውስጥ,Have the money in the upstairs control room
የበለጠ ስህተት አለመኖርዎን ያረጋግጡ,Be sure to make no more mistake
"ይገባኛል, ግን እፈልጋለሁ ከልጄ ጋር ለመነጋገር!","I understand, but I want to speak with my daughter!"
ይቅርታ. በዚህ አውሮፕላን ላይ ካፒቴን ማን ነው?,Excuse me. Who's the captain on this plane?
ምንም ችግር የለውም. ወደዚያ መውጣት ያስፈልግዎታል,It don't matter. You need to go up there
ካፒቴን እንዳገኘነው በግራ በኩል ችግር,tell the captain we got a problem on the left side
አንድ ነገር ከሞተር ጋር. አዲስ ለውጥ ያስፈልጋል,Something with the engine. Need a new alternator
"ተቆጣጣሪዬ እንዲህ እዚያው ወደ ታች ውረድ, ተለዋዋጭውን አኑሩ","My supervisor said, Go on down there, put the alternator on"
እስክወርድ እስክወር ድረስ እንዲተው አይፍቀዱ.,Don't let it leave till I come down there.
ባለሥልጣናቱን እንዳትናገሩ ሀሳብ አቀርባለሁ ፋሳ ከመድረሱ በፊት ይህንን አውሮፕላን ያንቀሳቅሱ,I suggest you tell the authorities not to move this plane before the FAA comes
.. ሁላችንም በአንዳንድ አንደኛ አንደበተ. ሂድ! አዎ።,...and we all in some shit. Go on! Yes
እዚህ ምን እያደረጉ ነው?,What are you doing here?
"ኑ, ሊ, አህያዎን ያግኙ. ሥራ አገኘን","Come on, Lee, get your ass up. We got work to do"
ወደዚያ ሂድ። እራሴን አዋርደዋለሁ,Go away. I've disgraced myself
"ሊ, ስለ ትንሹ ልጅስ?","Lee, what about the little girl?"
ለቀቅ አርገኝ። እንደ አንተ ያለ ሰው በጭራሽ ሊረዳው አልቻለም,Leave me alone. A man like you could never understand
እንደ እኔ ያለ ሰው? ለራስዎ ብቻ ታድጋሉ,A man like me? You are devoted only to yourself
የፖሊስ መኮንን በመሆን ያፍራሉ. የአባቴን ስም ታዋርዳላችሁ,You're ashamed of being a police officer. You dishonor your father's name
"እነሆ, ምንም አታውቁም ስለ አባቴ","Look, you don't know nothing about my father"
አባትህ አፈ ታሪክ ነው ይላሉ. አባቴ አፈ ታሪክ ነበር,You say your father is a legend. My father was a legend
እሱ የተገደለ መደበኛ ሥራን እያከናወነ ነበር የትራፊክ ማቆሚያ በቀን ውስጥ,He was killed making a routine traffic stop in daylight
በአንዳንድ ምንም ቲኬት ያልፈለጉት,by some punk who didn't want no ticket
ባልደረባው በሚታሰብበት ጊዜ እሱን ለማስመለስ ግን በጭራሽ አላደረገም,when his partner supposed to back him up but never did
አባቴ ልክ እንደ ገና የተጠመደ ነበር እንደ እርስዎ እና አሁን ሞቶ ነበር,"My father was just as much devoted as you, and now he's dead"
ለምንድነው፧ የትራፊክ ትኬት እና አንዳንድ ?,For what? A traffic ticket and some punk?
"ትነግረኛለህ, በዚህ ውስጥ ያለው ክብር ምንድነው?","You tell me, what's the honor in that?"
አባትህ ሕይወቱን እንዳሳለፈ ታምናለህ እርሱ በከንቱ ሞተ?,"You believe your father wasted his life, that he died for nothing?"
እስከ ዓመት እስከ ካይና ድረስ ሆንግ ኮንግ መቆጣጠር,For years until China resumed control of Hong Kong
በጣም ኃይለኛ ነበር በወንጀል ጌታ በደቡብ ምስራቅ እስያ,Juntao was the most powerful crime lord in Southeast Asia
እንግሊዛዊው ለመቅረጽ ሞክሯል እሱ የሚሠራው ሥራ ግን አልተሳካም,"The British tried to close down his operation, but we failed"
ግን የከርካሉ ሴት ልጅ ለምን? ተቆጣጣሪ ተቆጣጣሪ ሊን ረድቶኛል,But why the consul's daughter? Detective Inspector Lee helped me raid
እያንዳንዱ የሚታወቅ ንብረት የ አሠራር,every known asset of Juntao's operation
በሚሊዮኖች የሚቆጠሩ ሰዎች ነን በመሠረቱ እና በጥሬ ገንዘብ,We confiscated millions in weapons and cash
እና የቻይናውያን ጥበብ ስብስብ ስብስብ ይህ በዓለም ላይ ያለማቋረጥ ነበር,and a collection of Chinese art that was unsurpassed in the world
ከዚያ ጄማኖ ጠፋ. ምንም ምስክሮች የሉም,Then Juntao disappeared. No witnesses
በእውነቱ ልጅቷን እንደሚገድል ያስባሉ?,Do you really think he'll kill the girl?
ለእርስዎ ምክር የእኔ ምክር,My advice to you is
ገንዘቡን ይክፈሉ,pay the money
"አሁን, መረጋጋት እንዲችሉ እፈልጋለሁ ምንም መጥፎ ነገር እንደሌለው","Now, l want you to remain calm as if nothing's wrong"
እና ዊትኒን አትተዉ ለትንሽ ጊዜ,and don't leave Whitney's side for a moment
"መልካም ምሽት, ሴቶችና ጨዋዎች","Good evening, ladies and gentlemen"
እኔ የሳንባችን ሃን ነኝ,I'm am Consul Han
"የሕዝቡን ሪ ብሊክ ወክለው የቻይና, በመምጣትዎ እናመሰግናለን","On behalf of the People's Republic of China, thank you for coming"
ዓመት በማቅረብ ደስ ብሎኛል የቻይንኛ ታሪክ እና ቅርስ,I am pleased to present years of Chinese history and heritage
"እስከ ቅርብ ጊዜ ድረስ ስብስብ, ለዘላለም እንደሚጠፋ ይታሰባል","a collection which, until recently, was thought to be lost forever"
"ሰው, ይህ ይህ ጥሩ ሹም ነው","Man, this is some nice shit"
ይህ ቡድሃ በመታጠቢያ ቤት ውስጥ ጥሩ ይሆናል,That Buddha'd go good in my bathroom
ሄይ. ይህ የአገሬ ታሪክ ነው,Hey. This is the history of my country
በዋጋ ሊተመን የቻይንኛ ባህል,Priceless pieces of Chinese culture
ማንኛውም ነገር ከተበላሸ,If anything gets damaged
ምንም ነገር አይከሰትም ለዚህ ነገር አንዳቸውም አይደሉም,Ain't nothing gonna happen to none of this stuff
እና አሁን እኛ ማለፍ እንችላለን ለልጆቻችን,And now we can pass them on to our children
ያንን ሰው አይቻለሁ በዚያ የቻይና ምግብ ቤት ውስጥ,I seen that guy at that Chinese restaurant
ቆንስላ ሃን ጉንፋን እየዋጋ ነበር ላለፉት ጥቂት ቀናት,Consul Han has been fighting flu for the past few days
ምናልባት እኔ መጨረስ አለብኝ የጀመረው,so perhaps l should finish what he started
ማንም ሰው ቢቆይ አንድ ነገር አግኝተዋል ማጣት. እዚህ ይጠብቁ. ወደ ኋላ ተመልሶ ትመጣለች,"If anybody stay behind, they got something to lose. Wait here. l'll be right back"
ሁለታችንም አገራችን,GRlFFIN peaceful future between our two countries
ልዩነቶችን የበለጠ እናየዋለን እና ተመሳሳይነት,The more we see the differences and similarit
ችግሮች እና ጨዋዎች! መርገም።,Ladies and gentlemen! Damn it
"የሊፒተር መርማሪ ካርተር ከ . . . . መጥተሻ, እዚህ ወደ ታች ገባን","l'm Detective Carter from L.A.P.D. Russ, we got Carter down here"
ሲኦል ምን እየሆነ ነው? እኛ በህንፃው ላይ ስጋት ተቀበልን,What the hell's going on? We just received a threat on the building
ከህንፃው ወጥተው እንጠይቃለን,We ask that you exit the building
በተቻለ ፍጥነት፣ እና እባክዎን አይደናገጡ,"as soon as possible, and please do not panic"
ምን እንዳለው አልሰማሽም? ሹራብዎን ያግኙ እና ሂድ! ሲኦልን ያግኙ! ቦምብ አለ!,Didn't you hear what l said? Get your shit and go! Get the hell out! There's a bomb!
ይህንን አላምንም. ወኪሎቹ ቦታቸውን እንዲይዙ ያድርጉ,I don't believe this. Have the agents hold their positions
"ወለል ሁሉም ሰው ይንከባከባል, ቦታዎን ይይዛል","WHlTNEY Everybody take care, hold your positions"
ሃን ምን እየሆነ ነው? ህንፃውን መውጣቱ!,What is going on? Get out the building!
"እመቤት, ብርጭቆውን ወደ ታች ያኑሩ እና ከዚህ ይውጡ","Lady, put the glass down and get out of here"
"ኑ, ኑ, ኑ!","Come on, come on, come on!"
"ታንታ, ታይታ, ታራቲ. እዚህ ያግኙት","Titty, titty, titty. Get them titties out of here"
አንድ ሰው ካርተር ያስገኛል?,Will somebody grab Carter?
"የ , ስድስት ብሎኮች ውጭ ወደ ልጅዎ ውስጥ ሾው","Consul Han, six blocks of C are wired to your daughter in a car outside"
"ከለውጡ በፊት, አብዛኛዎቹ ይህ ኤግዚቢሽን","Before the changeover, most of this exhibition"
በእጆቹ ውስጥ ነበር አንድ ነጠላ የግል ሰብሳቢ,was in the hands of a single private collector
አብዛኛውን ጊዜ ሕይወቴን ሰርቻለሁ ለማግኘት እና ካታሎግ ለማግኘት,I worked most of my life to acquire and catalog
በዋጋ ሊተመን የማይችል ቁርጥራጮች በፊትህ ታያለህ,these priceless pieces that you see before you
"እና ከዚያ, በአንዱ ውስጥ ወደቀቀቀ","And then, in one fell swoop"
ከእኔ ተወስ ል,it was taken away from me
ነገር ግን ዛሬ ማታ ተሞልቻለሁ,"But tonight, I shall be paid in full"
ይህን ቁልፍ ከተጫነች እሷ ትሞታለች,She dies if l press this button
በቃ ታገስ,Just be patient
የእኔ መጓጓዣ እዚህ በቅርቡ ይመጣል,My transportation will be here shortly
"ሄይ, እኔ እነግርህ ነበር በቀይ ዞን ውስጥ ነበርክ","Hey, I was just gonna tell you you was in a red zone"
በዚህ ቦታ ላይ ያሉ ኮዶች አሉ,There's cops all over this place
ያንን ማድረግ እንደምችል አታውቅም. እጆችዎን ያኑሩ!,You didn't know I could do that. Put your hands up!
እኔ በዚህ ጊዜ እገድልዎታለሁ. እኔ አህያዎን እየቀነሰ ነው!,I ain't gonna kill you this time. I'm just gonna kick your ass!
ስለ ጓደኛዎችዎ ይንገሩኝ,You tell your friends about me
እኛ እርስዎን እየፈለግን ነው. እኔ ከ . . . . ካርተር ነኝ,We've been looking for you. I'm Carter from the L.A.P.D
"ሁሉም ነገር ደህና ነው አሁን ደህና ነው? ወደ እግዚአብሔር አባትህ እወስዳችኋለሁ, እሺ?","Everything is okay now, okay? I'll take you to your daddy, all right?"
"ረስኩት ነገር እኔ አደርጋለሁ ይህንን ቀሚስ እወስዳለሁ. ኖ, አይነካው!","First thing I'll do is take this vest off. No, don't touch it!"
ካጠፋነው ደህንነቱ የተጠበቀ ይሆናል ብለው ያስቡ. አይ። ይፈነዳል እንደሚሉት ሲናገሩ ሰማሁ,l think it'd be safer if we take it off. No. I heard them say it will explode
አይንቀሳቀሱም አይንቀሳቀሱ,Don't Don't move
የት ነሽ፧,Where are you?
"ማንቀሳቀስ የለብዎትም! አቋምዎን ማቅረቢያ, አምላክ ሆይ!","Don't move! Hold your positions, goddamn it!"
ወይዛዝርት እና ጨዋዎች,GRlFFIN Ladies and gentlemen
እኔ ያንን ምሽት እንጠራለን ብለው ያስባሉ,l think we'll call that an evening
እናመሰግናለን እና መልካም ምሽት,Thank you and good night
ለእርስዎ የሆነ ነገር አገኘሁ!,I got something for you!
የሚፈልጉትን ነገር አግኝተዋል,Got something you want
እዚህ ቦምብዎ እዚህ አገኘሁ,I got your bomb right here
ካርተር የሆነ ነገር እንዲነጥቁ ይፈልጋሉ? ?,Wanna blow something up? Huh?
አዝራሩን ይግፉት. በል እንጂ።,Push the button. Come on
አዝራሩን ይግፉት,Push the button
ምን እየሰራህ ነው፧ በቃ መጫወት. አጫውት,What are you doing? l'm just playing. Play along
"ና, ቁልፉን ይግፉት","Come on, push the button"
"አዎ, ና, ቁልፉን ይግፉ","Yeah, come on, push the button"
"ሁሉንም ሰው ይንፉ. አዎ, ሁሉንም ሰው ይንፉ!","Blow everybody up. Yeah, blow everybody up!"
የአላሚማን ቁልፍን መፍጨት! የአላሚማን ቁልፍን መፍጨት!,Push the goddamn button! Push the goddamn button!
በል እንጂ! ሁሉም ሰው ደስ ብሎኛል ስለ አንድ ነገር ስለተነገረ,Come on! You got everybody excited about something being blowed up
እና ትንሽ የፒክ ብሪታንያ አህያዎን ይመልከቱ. በል እንጂ! አዝራሩን ይግፉት!,and look at your little punk British ass. Come on! Push the button!
እባክዎን ይነጋገሩት,"Deal with it, please"
ወዴት ትሄዳለህ?,Where you going?
ቆንስላውን ይሸፍኑ!,Cover the consul!
አይ። አይ። ደህና ነው. እሷ ባለሙያ ነች,No. No. lt's okay. She's a professional
ቀሚሱን መውሰድ አለብዎት,You must take the vest off
"አዎ, አንድ ሰከንድ ስጠኝ. አንድ ሰከንድ ስጠኝ","Yes, just give me a second. Just give me a second"
በዚህ ቀሚስ ላይ ቀስቅሴ አለ,There's a trigger on this vest
እኔ ከዚህ በፊት ይህንን አላደረጉም? በተግባራዊ ክፍሉ ውስጥ ትንሽ የተለየ የተለየ ነው,Haven't you done this before? lt's a little different in the practice room
ሁሉም ሰው ይሸፍናል. ዊትኒ!,Everybody take cover. Whitney!
እዚህ ብዙ ሰዎች እንፈልጋለን,We need more men down here
"እንደገና ይበሉ. ዳንኤል, አንብበሃል ?","Say again. Dan, do you read ?"
"እዚህ የተወሰነ እርዳታ ይፈልጋሉ, ያበላሹ!","Need some help down here, damn it!"
ጆንሰን ጽጌረዳዎች ቀይ ናቸው,Roses are red
ቫዮሌት ሰማያዊ ናቸው,violets are blue
ስኳር ጣፋጭ ነው,Sugar is sweet
እና እርስዎም ናችሁ,and so are you
የርቀት መቆለፊያ አሁንም ሊያጠፋ ይችላል,The remote can still set it off
እሺ እሺ? አዎ።,She okay? Yes
ቦምብ እንዳልሆነ አውቃለሁ!,I know that ain't the bomb!
ያንን ቦምብ ከእኔ አርቅ! ውጭ ወጥቷል!,Get that bomb away from me! Take the bomb outside!
ውጭ ወጣ,Take the bomb outside
"በዚያ መንገድ ሂድ, በዚያ መንገድ ሂድ. ደህና።","You go that way, l go that way. All right"
ወዴት እየሄድክ ነው፧,Where are you going?
እኔ በጣሪያው ላይ. ሮጀር,Meet me on the roof. Roger
ካርተር ሰው አትንቀሳቀስ,"Don't move, man"
"አዎ, ዎን እየፈለግኩ ነበር ጣፋጭ እና ጣፋጭ የዶሮ አህያ","Yeah, l been looking for your sweet and sour chicken ass"
ወንዶች ልጆችሽ አሁን አይኖሩም. የት ናቸው? አንተ ብቻህን,Your boys ain't here now. Where they at? You all alone
እሱን ይገድሉት. ከፊት ለፊቱ,l kill him. Go ahead
አዎ? እሱን እንኳን አይወዱም. ሂድ,Yeah? l don't even like him. Go
ጠመንጃዎን ወደታች ያስገቡ,Put your gun down
እንደ ሰው ትግል,Fight like a man
ምን ይላሉ? እንደ ሰው ያለ ሰው,What you say? Fight like a man
እንደ ሰው ትግል?,Fight like a man?
"እሺ እሺ, አህያዎን እመርጣለሁ. ከዚያ አህያዎን እስር ቤት እስር ቤት እንድወስድ እፈልጋለሁ","All right, l'm gonna kick your ass. Then l'm gonna take your ass to jail"
"ና, ጠመንጃውን ወደታች ያስገቡ","Come on, put the gun down"
"ሰው ሆይ, አጥፋ. ሞተሃል","Wipe yourself off, man. You're dead"
"እግዚአብሔር እናመሰግናለን,","Thank you, God"
"ኦህ, ሹት. ኦህ, ሹት","Oh, shit. Oh, shit"
ማን ነው. እንደሞተ ታውቃለህ,Whoo. You know he dead
እገዛ! የሆነ ነገር ያድርጉ!,Help! Do something!
"ሄይ, ቀዝቅዞ ሰው!","Hey, be cool, man!"
ከእንግዲህ መያዝ አልችልም!,I can't hold on anymore!
ለአንድ ሰዓት ያህል ይንጠለጠሉ. አምቡላንስ እሄዳለሁ,Hang on for about an hour. I'm gonna go get the ambulance
"ምን እየሰራህ ነው፧ ሰው ሆይ, ወደ ኋላ ተመልሶ ትመጣለች","What are you doing? Hang on, man. l'll be right back"
ከስተሃል! ገና እየተጫወተ ነበር,Carter! l was just playing
አመሰግናለሁ! አመሰግናለሁ!,Thank you! Thank you!
ምን ትሠራለህ? ልክ ጨዋ ነበር,What the hell you doing? l was just being polite
"ደህና, በሚቀጥለው ጊዜ, ለውሶቼ ትሑት ሁን","Well, next time, be polite to my nuts"
ደህና ነህ?,Are you all right?
ሁሉንም ነገር እገምታለሁ,I owe you everything
ጓደኛዎ ብቻ,Only your friendship
እዚህ ማን ነው? ኡአር,Look who's here. Unh
ለምን ያህል ጊዜ ወሰደህ?,What took you so long?
ሊ ይህ የአንተ ነው ብዬ አስባለሁ,I think this belongs to you
ከእኔ ጋር መምጣት ያለብዎት ይመስለኛል,I think you should come with me
ከስራ ሲወጡ በአውሮፕላኑ ውስጥ ይግቡ. በነጻ ይበርራሉ,Get on the plane when you get off work. You fly for free
", ካርተር. አዶሾችን ለማስፋት እየሞከረ ነው","Hey, Carter. l'm just trying to expand my horizons"
ትንሽ ትንሽ. ዓለምን ይመልከቱ. የተሰቃዩ,Travel a little bit. See the world. Carter
እኔ ከየህዬ ጋር ነኝ. በእረፍት እሄዳለሁ,"I'm through with y'all, man. I'm gonna go on vacation"
አሁን እዚያ ይያዙት. እኛ እየመጣን ነበር,"Now, hold on there. We were just coming by"
ምን ያህል ታላቅ ሥራ ሊነግርዎት ነው ትናንት አደረግሽ,to tell you what a great job you did yesterday
ሲመለሱ እና ሲመለሱ እህስ ይሆናል የ እርስዎን እየጠበቀዎት ነው,"And when you come back, there's gonna be an FBl badge waiting for you"
ከባድ ነው? ኦህ አዎ አዎ,"You serious? WHlTNEY Oh, yeah"
"ሰው, ሰው, መጫወት አትጫወት. አይ።","Come on, man, don't be playing. No"
ምን ማለት እንዳለብኝ አላውቅም. እንደ ህልም ነው እንደ ህልም ነው,I don't know what to say. It's like a dream come true
ምንም እንኳን አንድ ሀሳብ አለኝ. አንድ ሀሳብ አገኘሁ,"I got an idea, though. l got an idea"
ለምን ያንን ባጅ አይወስዱም,Why don't y'all take that badge
እና አህያዎን አሽኑ?,and shove it up your ass?
ሁሉም በአህያዎ ውስጥ. እኔ . . .,All up in your ass. I'm L.A.P.D
የመጀመሪያ ክፍል. ወድጄዋለሁ። ይህ ጥብቅ ነው,First class. I like this. This is tight
"ጃኬትዎን, ጌታዎን መውሰድ ይችላሉ?","Can l take your jacket, sir?"
"ጃኬቴ? አይሆንም, አይሆንም. ምንም እንኳን ይህንን ቦርሳ መውሰድ ይችላሉ","My jacket? No, no. You can take this bag, though"
እዴት ነህ፧ እንደአት ነው፧,How you doing? What's up?
"ሰው ሆይ, ምን ሆነ?","What's up, man?"
ለመሄድ ዝግጁ ነዎት? አዎ,You ready to go? Yep
አንዳንድ ኦቾሎኒ ልሰጥዎ እችላለሁን?,May I offer you some peanuts?
ቻይንኛ እንደምትናገር በጭራሽ አልነገርከኝም,You never told me you spoke Chinese
"ይህ አሪፍ, ሰው ነው. እኔን መፍቀድ ወደ ሆንግ ኮንግ ይሂዱ","This is cool, man. Han's letting me go to Hong Kong with you"
በአምስት ዓመት ውስጥ ለእረፍት ጊዜ አልነበሩም. እኛ በ ውስጥ እንስት,l ain't been on no vacation in five years. We can hang in my crib
አንድ ባልና ሚስት ቻይንኛ ሴት ልጆች ሊያሳዩኝ ይችላሉ,You can show me a couple Chinese girls
ለሁለት ሳምንቶች ምንም ፖሊስ አይሰራም? ይህ በረራ ለምን ያህል ጊዜ ነው?,No police work for two weeks? How long this flight?
የዘር ሰዓታት. ደም አፍርሶ?,Fifteen hours. Fifteen hours?
ከ ሰዓታት ውስጥ ምን እናድርግ?,What are we gonna do for hours?
"ሲኦል, አይ! መጋቢ! አዎ, ጥሩ ምንድነው?","Oh, hell, no! Stewardess! Huh, what is good for?"
"ሰልፍ, ሌላ መቀመጫ ያግኙኝ! ምንም ነገር የለም","Stewardess, get me another seat! Absolutely nothing"
"አድምጠኝ, አዎ!","Listen to me, y'all!"
አይንቀሳቀስ! ፈገግ አይልም!,Don't move! Don't smile!
ስለ ሴት ልጅዎ ይህ ምንድነው?,What is this shit about your daughter?
ሃምሳ ሚሊዮን ዶላር? እርስዎ ያገኙት ማን ነው?,"Fifty million dollars? Who you think you got, Kelsey Clinton?"
"ሃምሳ ሚሊዮን ዶላር? ማንን ያስባሉ እርስዎ ተገኝተዋል, ኬልሲ መስመሩ ምንድነው?","Fifty million dollars? Who you think you got, Kelsey What's the line?"
ሃምሳ ሚሊዮን ዶላር? እርስዎ ያገኙት ይመስላቸዋል ቼልሲ ወይም ኬልሴይ?,Fifty million dollars? You think you got ls it Chelsea or Kelsey?
"ሃምሳ ሚሊዮን ዶላር? ማን እንደደረስዎት ያስባሉ, ቼልሲ ካርተር? ሃምሳ ሚሊዮን ዶላር?","Fifty million dollars? Who you think you got, Chelsea Carter? Fifty million dollars?"
"ማን እንደደረስዎት ያስባሉ, ቼልሲ ግሬሜመር ? ቼልሲ","Who you think you got, Chelsea Grammer ? Chelsea"
ቼልሴሲ ክሊንተን እንዳገኙ አስብ?,Think you got Chelsea Clinton?
ሚሊዮን? ማን እንደደረሱ ይመስልዎታል? ቼልሴሲ ክሊንተን?,"million? Who do you think you got, Chelsea Clinton?"
እንዲናገር ያቆዩት,Keep him talking
ተቆር .ል. ወደ መጀመሪያው ይመለሱ. እሱ ነው? ቼልሲ አገኘሁት?,Cut. Go back to the beginning. Was that it? Chelsea Did I get it?
ይህ አስቂኝ ቀልድ ነው. አህያዎን እንደ እኔ አውቃለሁ!,This is a fucking joke. Show me your ass!
ካርተር አህያዎን ያሳዩ? የ ግብረ ሰዶማዊ,Show your ass? Y'all's the gayest
"ሌሎች ነገሮችን ያውቃሉ, ግን ስሙን አታውቅም?","You know that other stuff, but you don't know his name?"
ሰዎች ያፀዳል,people tell me shit
ለእርስዎ ምን ችግር አለው? ሄህ. ሰው,"What's wrong with you? Heh, heh. Man"
የእኔ አባቴ አንድ ጊዜ አየ ጥይት,My daddy once caught Catch a bullet
ጥይት ጥይት ጥይት ይያዙ ጥይት ይያዙ,Caught a bullet Catch a bullet Caught a bullet
አባቴ አንድ ጥይት ተያዘ በእሱ እጅ,My daddy one caught a bullet by his bare hand
በዚህ ውስጥ ያለው ክብር ምንድነው?,What's the honor in that?
አባትዎን ያምናሉ ሕይወቱን እያባከነ,You believe your father wasting his life
እነሱ መሆን የለባቸውም ቆሻሻ,They must not Coo Bleh
"እዚያ ምንም ችግር አለ, እዚያ ውስጥ, እንደ . .","Anything goes wrong, you bust in there, act like you're L.A.P. Blah, blah"
እንግሊዝኛ መናገር አይችልም,He cannot speak English
"ሰው, ይህ አሪፍ ነው, ወደ ሆንግ ኮንግ የተሰቀለው","Man, this is cool, the hung sending us to Hong Kong"
ምን መስመር ነው?,What's that line?
"እነሆ, ምን ያህል አስቸጋሪ ነው? የእኔ እንግሊዝኛ?","See, how difficult is that? My English?"
"ምንም እንኳን ሳይቀር ሶስት ቃላት, ቻይንኛ ማለት አይችልም. እኔ ጥቂት ምሳ","He even cannot say three words, Chinese. Offer me some lunch"
ትንሽ ምሳ ይፈልጋሉ? ጃኪ,"You need some lunch? l got it before, Jackie"
"ይመልከቱ? አሁን ምን ያህል አስቸጋሪ እንደሆንኩ ያውቃሉ. ሃ, ሃ, ሃ","See? Now you know how difficult l am. Ha, ha, ha"
"በጃኪ. ሃ, ሃ, ሀ","Look at Jackie. Ha, ha, ha"
